-- phpMyAdmin SQL Dump
-- version 4.8.3
-- https://www.phpmyadmin.net/
--
-- Host: 127.0.0.1:3307
-- Generation Time: Mar 03, 2020 at 09:29 AM
-- Server version: 10.1.36-MariaDB
-- PHP Version: 7.2.10

SET SQL_MODE = "NO_AUTO_VALUE_ON_ZERO";
SET AUTOCOMMIT = 0;
START TRANSACTION;
SET time_zone = "+00:00";


/*!40101 SET @OLD_CHARACTER_SET_CLIENT=@@CHARACTER_SET_CLIENT */;
/*!40101 SET @OLD_CHARACTER_SET_RESULTS=@@CHARACTER_SET_RESULTS */;
/*!40101 SET @OLD_COLLATION_CONNECTION=@@COLLATION_CONNECTION */;
/*!40101 SET NAMES utf8mb4 */;

--
-- Database: `ci_ecommerce`
--

-- --------------------------------------------------------

--
-- Table structure for table `blogs`
--

CREATE TABLE `blogs` (
  `id` int(11) NOT NULL,
  `blog_url` varchar(255) NOT NULL,
  `blog_title` varchar(255) NOT NULL,
  `blog_keywords` text NOT NULL,
  `blog_descriptions` text NOT NULL,
  `blog_content` text NOT NULL,
  `date_published` date DEFAULT NULL,
  `author` varchar(255) NOT NULL,
  `picture` varchar(255) NOT NULL,
  `created_at` timestamp NULL DEFAULT NULL,
  `updated_at` timestamp NULL DEFAULT NULL ON UPDATE CURRENT_TIMESTAMP
) ENGINE=InnoDB DEFAULT CHARSET=utf8mb4;

--
-- Dumping data for table `blogs`
--

INSERT INTO `blogs` (`id`, `blog_url`, `blog_title`, `blog_keywords`, `blog_descriptions`, `blog_content`, `date_published`, `author`, `picture`, `created_at`, `updated_at`) VALUES
(1, 'firt-blog-trys', 'Firt Blog Trys', 'This is blog entry keyword', 'This is blog entry keyword', '<font face=\"Arial, Verdana\" xss=removed><span xss=\"removed\"><span xss=\"removed\"> </span></span></font><p xss=removed><font size=\"4\" face=\"Arial\"><span xss=removed> </span><b xss=removed>Lorem ipsum</b> dolor sit amet, consectetur adipisicing elit. Magnam, numquam consequatur! Eligendi cumque beatae aperiam fuga a qui quasi! Quidem ratione ullam, temporibus necessitatibus atque, unde sed dolore officia explicabo!</font></p>', '2020-03-24', 'Joe Bloggs ss', '7tC9XbCFSgt8SB3R.jpg', '2020-03-01 08:44:12', '2020-03-02 13:53:34');

-- --------------------------------------------------------

--
-- Table structure for table `ci_sessions`
--

CREATE TABLE `ci_sessions` (
  `id` varchar(128) NOT NULL,
  `ip_address` varchar(45) NOT NULL,
  `timestamp` int(10) UNSIGNED NOT NULL DEFAULT '0',
  `data` blob NOT NULL
) ENGINE=InnoDB DEFAULT CHARSET=utf8mb4;

--
-- Dumping data for table `ci_sessions`
--

INSERT INTO `ci_sessions` (`id`, `ip_address`, `timestamp`, `data`) VALUES
('0thil48ldl3mdnjddsvunnjh39q4kgbq', '127.0.0.1', 1583217579, 0x5f5f63695f6c6173745f726567656e65726174657c693a313538333231373537393b),
('1but3jd5iee4pr945s5oodmas2pcecch', '127.0.0.1', 1583158099, 0x5f5f63695f6c6173745f726567656e65726174657c693a313538333135383039393b),
('1ut76drb6cejmq6b8dfoo2do1c6jcalv', '127.0.0.1', 1583160317, 0x5f5f63695f6c6173745f726567656e65726174657c693a313538333136303331373b),
('29630kdn622s22n09l1pruas52t88ovq', '127.0.0.1', 1583218081, 0x5f5f63695f6c6173745f726567656e65726174657c693a313538333231383038313b),
('2amlvtv9tcc12dqf155sladrihkqon7i', '127.0.0.1', 1583161284, 0x5f5f63695f6c6173745f726567656e65726174657c693a313538333136313238343b),
('3uivkuglpns1gicisqh97caatgh35973', '127.0.0.1', 1583157475, 0x5f5f63695f6c6173745f726567656e65726174657c693a313538333135373437353b),
('450prg437iu19k2heap0fj7lp8to3snu', '127.0.0.1', 1583200966, 0x5f5f63695f6c6173745f726567656e65726174657c693a313538333230303936363b),
('46a87i3c9ijscc5qceg17ld38bt615bb', '127.0.0.1', 1583198616, 0x5f5f63695f6c6173745f726567656e65726174657c693a313538333139383631363b),
('5bg0uhccfl7vnfhfug4k4qredh48d23t', '127.0.0.1', 1583197758, 0x5f5f63695f6c6173745f726567656e65726174657c693a313538333139373735373b),
('5c03tfgno6vr8cvulh9vk365orn32ch4', '127.0.0.1', 1583211802, 0x5f5f63695f6c6173745f726567656e65726174657c693a313538333231313830323b),
('5hn2489nis7nm9dquti14s763lil9nkn', '127.0.0.1', 1583216469, 0x5f5f63695f6c6173745f726567656e65726174657c693a313538333231363436393b),
('5jbb42r8vc7r5gsuen13sk03i3f9mlpd', '127.0.0.1', 1583163883, 0x5f5f63695f6c6173745f726567656e65726174657c693a313538333136333838333b),
('5s686u1c7prfr501o71nm4s4mgfqpmci', '127.0.0.1', 1583211304, 0x5f5f63695f6c6173745f726567656e65726174657c693a313538333231313330343b),
('61b2ircb4sm5m6h097amqppssnb4rq8g', '127.0.0.1', 1583216972, 0x5f5f63695f6c6173745f726567656e65726174657c693a313538333231363937323b),
('8c3joj7u2skbn3k75r9l9ednnsbfbjq9', '127.0.0.1', 1583210956, 0x5f5f63695f6c6173745f726567656e65726174657c693a313538333231303935363b),
('8qug3hviuc5irnju7ctrqo8hiialer2p', '127.0.0.1', 1583164489, 0x5f5f63695f6c6173745f726567656e65726174657c693a313538333136343438393b),
('9l7oqpuq68ejgupnrkhi8qj3o8m9s05e', '127.0.0.1', 1583218534, 0x5f5f63695f6c6173745f726567656e65726174657c693a313538333231383533343b),
('a63r0cs1ctl944lgil8aua0162odtug9', '127.0.0.1', 1583199745, 0x5f5f63695f6c6173745f726567656e65726174657c693a313538333139393734353b),
('acmdcj1r23lgnbonekhu3ing5v292le5', '127.0.0.1', 1583201278, 0x5f5f63695f6c6173745f726567656e65726174657c693a313538333230313237383b),
('ciu4sf0jbotpio6qldvoqc6pc3q88p6g', '127.0.0.1', 1583157797, 0x5f5f63695f6c6173745f726567656e65726174657c693a313538333135373739373b),
('d267oqhjn03bjfqvc3pip0ooguiuk8k8', '127.0.0.1', 1583162004, 0x5f5f63695f6c6173745f726567656e65726174657c693a313538333136323030343b),
('d5qrefgato3m2aq4obj8fbpoin3t0m2c', '127.0.0.1', 1583201725, 0x5f5f63695f6c6173745f726567656e65726174657c693a313538333230313732353b),
('dd8mp78ostm9d7d3astdv9eo20lpo9hr', '127.0.0.1', 1583209261, 0x5f5f63695f6c6173745f726567656e65726174657c693a313538333230393131343b),
('enl17ieh2juh5u8fe9iri3rl6d23sdt2', '127.0.0.1', 1583215917, 0x5f5f63695f6c6173745f726567656e65726174657c693a313538333231353931373b),
('g3a0bb4hqajmh0ppnmmjohifs8d34eog', '127.0.0.1', 1583159076, 0x5f5f63695f6c6173745f726567656e65726174657c693a313538333135393037363b),
('h66kbbe0s5lg6mcocn7alb4m25vcoji8', '127.0.0.1', 1583156827, 0x5f5f63695f6c6173745f726567656e65726174657c693a313538333135363832373b),
('h73teqm9mfrna406r1d5kquegoc9paev', '127.0.0.1', 1583210633, 0x5f5f63695f6c6173745f726567656e65726174657c693a313538333231303633333b),
('hm3059d2ii0re8q1j4n53h9nevif6rrq', '127.0.0.1', 1583198144, 0x5f5f63695f6c6173745f726567656e65726174657c693a313538333139383134343b),
('i72oql31sbcte1ujeeags1tutb0va1l5', '127.0.0.1', 1583165406, 0x5f5f63695f6c6173745f726567656e65726174657c693a313538333136353339333b),
('i7iknkjclh81fio55er4g16d7grill7b', '127.0.0.1', 1583157146, 0x5f5f63695f6c6173745f726567656e65726174657c693a313538333135373134363b),
('jcfbap4jfbuea7rlf7og7tblu1lsag5d', '127.0.0.1', 1583217278, 0x5f5f63695f6c6173745f726567656e65726174657c693a313538333231373237383b),
('ji6gsdun8reqqh6aehp6l9j7ibkkne59', '127.0.0.1', 1583218733, 0x5f5f63695f6c6173745f726567656e65726174657c693a313538333231383533343b),
('k9tnvgpuqk0pgqpfpri06ndg9u6qolbv', '127.0.0.1', 1583200633, 0x5f5f63695f6c6173745f726567656e65726174657c693a313538333230303633333b),
('kem7hjobdjsqcdapah3m995tuj01oo4c', '127.0.0.1', 1583165393, 0x5f5f63695f6c6173745f726567656e65726174657c693a313538333136353339333b),
('l9ducbcbkhnrt7lo4gahha0j2s0nc399', '127.0.0.1', 1583198917, 0x5f5f63695f6c6173745f726567656e65726174657c693a313538333139383931373b),
('ml485o0ctnj3equb7uaeu1ft6shpe4n6', '127.0.0.1', 1583212742, 0x5f5f63695f6c6173745f726567656e65726174657c693a313538333231323734323b),
('mlgvpl5stna6akghan6dgcoglo5so9sf', '127.0.0.1', 1583197759, 0x5f5f63695f6c6173745f726567656e65726174657c693a313538333139373735373b),
('n4nl6rehlf6p9e1ic2o24gqbbonsp5dr', '127.0.0.1', 1583200804, 0x5f5f63695f6c6173745f726567656e65726174657c693a313538333230303538313b),
('nimj83i9tqm1k0kf7h62tpdsm4cfkvtb', '127.0.0.1', 1583215298, 0x5f5f63695f6c6173745f726567656e65726174657c693a313538333231353239383b737563636573737c733a33313a224974656d204f66666572206164646564207375636365737366756c6c792121223b5f5f63695f766172737c613a313a7b733a373a2273756363657373223b733a333a226f6c64223b7d),
('npttf4b131blf6hlb95fcqctele4ncr0', '127.0.0.1', 1583158542, 0x5f5f63695f6c6173745f726567656e65726174657c693a313538333135383534323b),
('oii15hkjed470v1j2haqsabusisgql1l', '127.0.0.1', 1583215612, 0x5f5f63695f6c6173745f726567656e65726174657c693a313538333231353631323b),
('p0gk5qjrj5q6jhtf3uon28ff27j3t0h2', '127.0.0.1', 1583159952, 0x5f5f63695f6c6173745f726567656e65726174657c693a313538333135393935323b),
('p4m2kc3nfu0sbql8b4ioo6j5ecuest90', '127.0.0.1', 1583214889, 0x5f5f63695f6c6173745f726567656e65726174657c693a313538333231343838393b),
('po3nudk8t1ecbvk4p3eupgk4lao2gtf8', '127.0.0.1', 1583201906, 0x5f5f63695f6c6173745f726567656e65726174657c693a313538333230313732353b),
('pv2gads258rhekcpm3btuoh0001kuc75', '127.0.0.1', 1583164834, 0x5f5f63695f6c6173745f726567656e65726174657c693a313538333136343833343b),
('r4qosat8nfjltqailqmraks7h2d5tj4f', '127.0.0.1', 1583160619, 0x5f5f63695f6c6173745f726567656e65726174657c693a313538333136303631393b),
('rl48dkbr4kuad6dj16cgkhnvia4lhhut', '127.0.0.1', 1583160947, 0x5f5f63695f6c6173745f726567656e65726174657c693a313538333136303934373b),
('sadtf8vtgrbc5705o7vd8vrecpu2opg6', '127.0.0.1', 1583156499, 0x5f5f63695f6c6173745f726567656e65726174657c693a313538333135363439393b),
('tv2btdiarthkt2vj7ud3c7juiend117i', '127.0.0.1', 1583159649, 0x5f5f63695f6c6173745f726567656e65726174657c693a313538333135393634393b),
('v86oqmtn71b6gesboste3u8ml4qjtlgn', '127.0.0.1', 1583214398, 0x5f5f63695f6c6173745f726567656e65726174657c693a313538333231343339383b),
('vbajj5916fp52vpd58hph2s694c2ili1', '127.0.0.1', 1583212316, 0x5f5f63695f6c6173745f726567656e65726174657c693a313538333231323331363b),
('vq6muo2tf9t7avsacl2p1eacb27g3ril', '127.0.0.1', 1583161592, 0x5f5f63695f6c6173745f726567656e65726174657c693a313538333136313539323b);

-- --------------------------------------------------------

--
-- Table structure for table `homepage_blocks`
--

CREATE TABLE `homepage_blocks` (
  `id` int(11) NOT NULL,
  `block_title` varchar(255) NOT NULL,
  `priority` int(11) NOT NULL
) ENGINE=InnoDB DEFAULT CHARSET=latin1;

--
-- Dumping data for table `homepage_blocks`
--

INSERT INTO `homepage_blocks` (`id`, `block_title`, `priority`) VALUES
(1, 'New Offers', 1),
(2, 'Half Price Sales', 2);

-- --------------------------------------------------------

--
-- Table structure for table `homepage_offers`
--

CREATE TABLE `homepage_offers` (
  `id` int(11) NOT NULL,
  `block_id` int(11) NOT NULL,
  `item_id` int(11) NOT NULL
) ENGINE=InnoDB DEFAULT CHARSET=latin1;

--
-- Dumping data for table `homepage_offers`
--

INSERT INTO `homepage_offers` (`id`, `block_id`, `item_id`) VALUES
(1, 1, 2),
(2, 1, 5),
(3, 1, 4),
(4, 1, 10);

-- --------------------------------------------------------

--
-- Table structure for table `store_accounts`
--

CREATE TABLE `store_accounts` (
  `id` int(11) NOT NULL,
  `first_name` varchar(255) NOT NULL,
  `last_name` varchar(255) NOT NULL,
  `company` varchar(255) NOT NULL,
  `address1` varchar(255) NOT NULL,
  `address2` varchar(255) NOT NULL,
  `town` varchar(255) NOT NULL,
  `country` varchar(255) NOT NULL,
  `postcode` varchar(255) NOT NULL,
  `telephone` varchar(255) NOT NULL,
  `email` varchar(255) NOT NULL,
  `password` varchar(255) DEFAULT NULL,
  `created_at` timestamp NULL DEFAULT NULL,
  `updated_at` timestamp NULL DEFAULT NULL ON UPDATE CURRENT_TIMESTAMP
) ENGINE=InnoDB DEFAULT CHARSET=utf8mb4;

--
-- Dumping data for table `store_accounts`
--

INSERT INTO `store_accounts` (`id`, `first_name`, `last_name`, `company`, `address1`, `address2`, `town`, `country`, `postcode`, `telephone`, `email`, `password`, `created_at`, `updated_at`) VALUES
(1, 'Sujan', 'Shrestha', 'Lazyme114 Co.', 'Address1', 'address2', 'my town', 'my country', '1234', '9328923421', 'lazyme114@gmail.com', '$2y$11$G4oEvzixzp9eEc0Y63V9au2wkHJBBsRzbUWSp0nhTQyPZy0zbbtni', '2020-02-28 23:10:04', '2020-02-29 06:32:58');

-- --------------------------------------------------------

--
-- Table structure for table `store_categories`
--

CREATE TABLE `store_categories` (
  `id` int(11) NOT NULL,
  `category_title` varchar(255) NOT NULL,
  `category_url` varchar(255) NOT NULL,
  `parent_id` int(11) NOT NULL DEFAULT '0',
  `priority` int(11) NOT NULL,
  `created_at` timestamp NULL DEFAULT NULL,
  `updated_at` timestamp NULL DEFAULT NULL ON UPDATE CURRENT_TIMESTAMP,
  `deleted_at` timestamp NULL DEFAULT NULL
) ENGINE=InnoDB DEFAULT CHARSET=utf8mb4;

--
-- Dumping data for table `store_categories`
--

INSERT INTO `store_categories` (`id`, `category_title`, `category_url`, `parent_id`, `priority`, `created_at`, `updated_at`, `deleted_at`) VALUES
(1, 'Guitars', 'guitars', 0, 2, '2020-02-29 02:34:54', '2020-03-01 13:56:11', NULL),
(2, 'Fender Guitars', 'fender-guitars', 1, 2, '2020-02-29 02:35:24', '2020-02-29 13:08:47', NULL),
(3, 'FX Pedels ', 'fx-pedels', 0, 1, '2020-02-29 02:49:53', '2020-03-01 14:09:59', NULL),
(4, 'Pickups', 'pickups', 0, 3, '2020-02-29 02:50:07', '2020-02-29 13:09:23', NULL),
(5, 'Folk Instruments', 'folk-instruments', 0, 4, '2020-02-29 02:50:24', '2020-02-29 13:08:28', NULL),
(6, 'Accessories', 'accessories', 0, 5, '2020-02-29 02:50:39', '2020-02-29 13:08:28', NULL),
(7, 'Gibson Guitars', 'gibson-guitars', 1, 1, '2020-02-29 02:53:57', '2020-02-29 13:08:47', NULL),
(8, 'Ibanaze Guitars', 'ibanaze-guitars', 1, 3, '2020-02-29 02:54:15', '2020-02-29 13:08:47', NULL),
(9, 'Jackson Guitars', 'jackson-guitars', 1, 4, '2020-02-29 02:54:41', '2020-02-29 13:08:47', NULL),
(10, 'BC Rich', 'bc-rich', 1, 5, '2020-02-29 02:55:02', '2020-02-29 13:08:47', NULL),
(11, 'Stirnged Folk Instruments', 'stirnged-folk-instruments', 5, 0, '2020-03-02 20:58:14', NULL, NULL);

-- --------------------------------------------------------

--
-- Table structure for table `store_cat_assigns`
--

CREATE TABLE `store_cat_assigns` (
  `id` int(11) NOT NULL,
  `item_id` int(11) NOT NULL,
  `category_id` int(11) NOT NULL
) ENGINE=InnoDB DEFAULT CHARSET=utf8mb4;

--
-- Dumping data for table `store_cat_assigns`
--

INSERT INTO `store_cat_assigns` (`id`, `item_id`, `category_id`) VALUES
(1, 1, 2),
(2, 2, 2),
(3, 3, 2),
(4, 4, 2),
(5, 5, 2),
(6, 6, 2),
(7, 7, 2),
(8, 8, 2),
(9, 9, 2),
(10, 10, 2),
(11, 11, 2),
(12, 12, 2),
(13, 13, 2),
(14, 14, 2),
(15, 15, 2),
(16, 16, 2),
(17, 17, 2),
(18, 18, 2),
(19, 19, 2),
(20, 20, 2),
(21, 21, 2),
(22, 22, 2),
(23, 23, 2),
(24, 24, 2),
(25, 25, 2),
(26, 26, 2),
(27, 27, 2),
(28, 28, 2),
(29, 29, 2),
(30, 30, 2),
(31, 31, 2),
(32, 32, 2),
(33, 33, 2),
(34, 34, 2),
(35, 35, 2),
(36, 36, 2),
(37, 37, 2),
(38, 38, 2),
(39, 39, 2),
(40, 40, 2),
(41, 41, 2),
(42, 42, 2),
(43, 43, 2),
(44, 44, 2),
(45, 45, 2),
(46, 46, 2),
(47, 47, 2),
(48, 48, 2),
(49, 49, 2),
(50, 50, 2),
(51, 1, 11);

-- --------------------------------------------------------

--
-- Table structure for table `store_items`
--

CREATE TABLE `store_items` (
  `id` int(11) NOT NULL,
  `item_title` varchar(255) NOT NULL,
  `item_url` varchar(255) NOT NULL,
  `item_price` decimal(7,2) NOT NULL,
  `item_description` text NOT NULL,
  `big_pic` varchar(255) NOT NULL,
  `small_pic` varchar(255) NOT NULL,
  `was_price` decimal(7,2) DEFAULT NULL,
  `status` tinyint(1) NOT NULL DEFAULT '1',
  `created_at` timestamp NULL DEFAULT NULL,
  `updated_at` timestamp NULL DEFAULT NULL ON UPDATE CURRENT_TIMESTAMP,
  `deleted_at` timestamp NULL DEFAULT NULL
) ENGINE=InnoDB DEFAULT CHARSET=utf8mb4;

--
-- Dumping data for table `store_items`
--

INSERT INTO `store_items` (`id`, `item_title`, `item_url`, `item_price`, `item_description`, `big_pic`, `small_pic`, `was_price`, `status`, `created_at`, `updated_at`, `deleted_at`) VALUES
(1, 'Fender Classic Player Triple Tele in Black', 'Fender-Classic-Player-Triple-Tele-in-Black', '719.00', 'The Fender Classic Player Triple Tele in Black is a spectacular guitar.  This guitar features a stunning maple fretboard and a special basswood body. The guitar has 24 frets which makes it perfect for rock. Invented in 1942, this flagship Fender guitar has been rocking the world since before a t-rex was a legitimate family pet! The Fender Classic Player Triple Tele in Black made its first appearance during Guitar Fest when Brian May took to the stage and blew the roof off with a rendition of <i>\'That stomach pain you got ain\'t no indigestion.  That\'s the blues</i>\'.\n    \nLorem ipsum dolor sit amet, consectetur adipiscing elit. Praesent id nisi rutrum, volutpat justo ut, hendrerit diam. Aenean consectetur dictum dignissim. Nullam dignissim, libero a fringilla tempor, ex nulla efficitur libero, nec blandit leo lacus sed libero. Ut volutpat tortor aliquet congue tristique. Suspendisse dictum augue quis ante vulputate pulvinar. Quisque nec mi non nisl consequat blandit vel sit amet nisi. Ut non quam faucibus, ullamcorper lacus non, pulvinar diam. Pellentesque posuere nisl ac imperdiet dignissim.\n\nDonec eu diam sit amet velit tempor congue eu malesuada metus. Curabitur a dui vel purus posuere aliquam sed a velit. Aliquam quis tellus eget quam semper tempus. Aliquam urna velit, mattis id ultricies id, malesuada ut neque. Donec in est tellus. In congue mi at mi ornare sollicitudin. Phasellus risus leo, imperdiet non eros ut, suscipit malesuada massa. \n\n\nSed vel vestibulum mauris, sit amet vestibulum metus. Etiam sed urna ultricies, rhoncus risus vitae, mattis turpis. Cras tortor magna, commodo ac mi quis, bibendum efficitur neque. Duis eu justo ut tortor finibus mollis ut in mauris. Aliquam nisi nunc, viverra in est vitae, ornare tincidunt nulla. Morbi pharetra at purus at sollicitudin. Nunc sit amet faucibus metus. Praesent viverra tellus at urna cursus, id mattis felis rutrum. Pellentesque velit magna, blandit ac maximus non, molestie sit amet metus. Vivamus justo risus, euismod in dapibus a, vehicula et purus. Pellentesque suscipit non quam nec imperdiet. Sed pellentesque nec augue a varius. Ut ullamcorper, erat ac rutrum viverra, massa dolor sollicitudin diam, a suscipit tellus odio ac purus. Aenean sit amet ornare tortor.\n    ', '1.jpg', '1.jpg', '800.00', 1, NULL, '2020-03-02 14:56:34', NULL),
(2, 'Fender Deluxe Lone Star Stratocaster Guitar in Burgundy Mist', 'Fender-Deluxe-Lone-Star-Stratocaster-Guitar-in-Burgundy-Mist', '632.00', 'The Fender Deluxe Lone Star Stratocaster Guitar in Burgundy Mist is a very interesting guitar.  This guitar features a high grade maple fretboard and a full sounding high grade alder body body. The guitar has 22 frets which makes it perfect for soft rock. Invented in 1949, this flagship Fender guitar has been rocking the world since before The Dead Sea was just sick! The Fender Deluxe Lone Star Stratocaster Guitar in Burgundy Mist made its first appearance during Woodstock when Eric Clapton took to the stage and make the entire audience weep with a rendition of You\'re A Naughy One, Saucy Jack.\n    \nLorem ipsum dolor sit amet, consectetur adipiscing elit. Praesent id nisi rutrum, volutpat justo ut, hendrerit diam. Aenean consectetur dictum dignissim. Nullam dignissim, libero a fringilla tempor, ex nulla efficitur libero, nec blandit leo lacus sed libero. Ut volutpat tortor aliquet congue tristique. Suspendisse dictum augue quis ante vulputate pulvinar. Quisque nec mi non nisl consequat blandit vel sit amet nisi. Ut non quam faucibus, ullamcorper lacus non, pulvinar diam. Pellentesque posuere nisl ac imperdiet dignissim.\n\nDonec eu diam sit amet velit tempor congue eu malesuada metus. Curabitur a dui vel purus posuere aliquam sed a velit. Aliquam quis tellus eget quam semper tempus. Aliquam urna velit, mattis id ultricies id, malesuada ut neque. Donec in est tellus. In congue mi at mi ornare sollicitudin. Phasellus risus leo, imperdiet non eros ut, suscipit malesuada massa. \n\n\nSed vel vestibulum mauris, sit amet vestibulum metus. Etiam sed urna ultricies, rhoncus risus vitae, mattis turpis. Cras tortor magna, commodo ac mi quis, bibendum efficitur neque. Duis eu justo ut tortor finibus mollis ut in mauris. Aliquam nisi nunc, viverra in est vitae, ornare tincidunt nulla. Morbi pharetra at purus at sollicitudin. Nunc sit amet faucibus metus. Praesent viverra tellus at urna cursus, id mattis felis rutrum. Pellentesque velit magna, blandit ac maximus non, molestie sit amet metus. Vivamus justo risus, euismod in dapibus a, vehicula et purus. Pellentesque suscipit non quam nec imperdiet. Sed pellentesque nec augue a varius. Ut ullamcorper, erat ac rutrum viverra, massa dolor sollicitudin diam, a suscipit tellus odio ac purus. Aenean sit amet ornare tortor.\n    ', '2.jpg', '2.jpg', '0.00', 1, NULL, '2020-03-02 14:36:19', NULL),
(3, 'Fender American Deluxe Dimension Bass V in Root Beer', 'Fender-American-Deluxe-Dimension-Bass-V-in-Root-Beer', '1440.00', 'The Fender American Deluxe Dimension Bass V in Root Beer is a spectacular guitar.  This guitar features a stunning rosewood fretboard and a spectacular basswood body. The guitar has 24 frets which makes it perfect for soft rock. Invented in 1969, this flagship Fender guitar has been rocking the world since before Moses parted the red sea! The Fender American Deluxe Dimension Bass V in Root Beer made its first appearance during The Isle of Wight Festival when Steve Vai took to the stage and made the audience run for the hills with a rendition of Wake Me Up Before You Go-Go.\n    \nLorem ipsum dolor sit amet, consectetur adipiscing elit. Praesent id nisi rutrum, volutpat justo ut, hendrerit diam. Aenean consectetur dictum dignissim. Nullam dignissim, libero a fringilla tempor, ex nulla efficitur libero, nec blandit leo lacus sed libero. Ut volutpat tortor aliquet congue tristique. Suspendisse dictum augue quis ante vulputate pulvinar. Quisque nec mi non nisl consequat blandit vel sit amet nisi. Ut non quam faucibus, ullamcorper lacus non, pulvinar diam. Pellentesque posuere nisl ac imperdiet dignissim.\n\nDonec eu diam sit amet velit tempor congue eu malesuada metus. Curabitur a dui vel purus posuere aliquam sed a velit. Aliquam quis tellus eget quam semper tempus. Aliquam urna velit, mattis id ultricies id, malesuada ut neque. Donec in est tellus. In congue mi at mi ornare sollicitudin. Phasellus risus leo, imperdiet non eros ut, suscipit malesuada massa. \n\n\nSed vel vestibulum mauris, sit amet vestibulum metus. Etiam sed urna ultricies, rhoncus risus vitae, mattis turpis. Cras tortor magna, commodo ac mi quis, bibendum efficitur neque. Duis eu justo ut tortor finibus mollis ut in mauris. Aliquam nisi nunc, viverra in est vitae, ornare tincidunt nulla. Morbi pharetra at purus at sollicitudin. Nunc sit amet faucibus metus. Praesent viverra tellus at urna cursus, id mattis felis rutrum. Pellentesque velit magna, blandit ac maximus non, molestie sit amet metus. Vivamus justo risus, euismod in dapibus a, vehicula et purus. Pellentesque suscipit non quam nec imperdiet. Sed pellentesque nec augue a varius. Ut ullamcorper, erat ac rutrum viverra, massa dolor sollicitudin diam, a suscipit tellus odio ac purus. Aenean sit amet ornare tortor.\n    ', '3.jpg', '3.jpg', '0.00', 1, NULL, '2020-03-02 14:36:19', NULL),
(4, 'Fender American Deluxe Dimension Bass IV HH RW in Violin Burst', 'Fender-American-Deluxe-Dimension-Bass-IV-HH-RW-in-Violin-Burst', '1529.00', 'The Fender American Deluxe Dimension Bass IV HH RW in Violin Burst is a full sounding guitar.  This guitar features a stunning rosewood fretboard and a rocker\'s basswood body. The guitar has 24 frets which makes it perfect for soft rock. Invented in 1900, this flagship Fender guitar has been rocking the world since before New Kids On The Block changed their name to The Beatles! The Fender American Deluxe Dimension Bass IV HH RW in Violin Burst made its first appearance during Live AID when BB King took to the stage and left the audience begging for more with a rendition of Stairway to Heaven.\n    \nLorem ipsum dolor sit amet, consectetur adipiscing elit. Praesent id nisi rutrum, volutpat justo ut, hendrerit diam. Aenean consectetur dictum dignissim. Nullam dignissim, libero a fringilla tempor, ex nulla efficitur libero, nec blandit leo lacus sed libero. Ut volutpat tortor aliquet congue tristique. Suspendisse dictum augue quis ante vulputate pulvinar. Quisque nec mi non nisl consequat blandit vel sit amet nisi. Ut non quam faucibus, ullamcorper lacus non, pulvinar diam. Pellentesque posuere nisl ac imperdiet dignissim.\n\nDonec eu diam sit amet velit tempor congue eu malesuada metus. Curabitur a dui vel purus posuere aliquam sed a velit. Aliquam quis tellus eget quam semper tempus. Aliquam urna velit, mattis id ultricies id, malesuada ut neque. Donec in est tellus. In congue mi at mi ornare sollicitudin. Phasellus risus leo, imperdiet non eros ut, suscipit malesuada massa. \n\n\nSed vel vestibulum mauris, sit amet vestibulum metus. Etiam sed urna ultricies, rhoncus risus vitae, mattis turpis. Cras tortor magna, commodo ac mi quis, bibendum efficitur neque. Duis eu justo ut tortor finibus mollis ut in mauris. Aliquam nisi nunc, viverra in est vitae, ornare tincidunt nulla. Morbi pharetra at purus at sollicitudin. Nunc sit amet faucibus metus. Praesent viverra tellus at urna cursus, id mattis felis rutrum. Pellentesque velit magna, blandit ac maximus non, molestie sit amet metus. Vivamus justo risus, euismod in dapibus a, vehicula et purus. Pellentesque suscipit non quam nec imperdiet. Sed pellentesque nec augue a varius. Ut ullamcorper, erat ac rutrum viverra, massa dolor sollicitudin diam, a suscipit tellus odio ac purus. Aenean sit amet ornare tortor.\n    ', '4.jpg', '4.jpg', '0.00', 1, NULL, '2020-03-02 14:36:19', NULL),
(5, 'Fender American Deluxe Strat Plus HSS in Metallic 3 Tone Sunburst', 'Fender-American-Deluxe-Strat-Plus-HSS-in-Metallic-3-Tone-Sunburst', '1419.00', 'The Fender American Deluxe Strat Plus HSS in Metallic 3 Tone Sunburst is a special guitar.  This guitar features a stunning maple fretboard and a full sounding high grade alder body body. The guitar has 22 frets which makes it perfect for cheesy 80s rock music. Invented in 1914, this flagship Fender guitar has been rocking the world since before The Dead Sea was just sick! The Fender American Deluxe Strat Plus HSS in Metallic 3 Tone Sunburst made its first appearance during Live AID when Angus Young took to the stage and made the audience ecstatic with a rendition of I\'m a Barbie Girl In A Barbie World.\n    \nLorem ipsum dolor sit amet, consectetur adipiscing elit. Praesent id nisi rutrum, volutpat justo ut, hendrerit diam. Aenean consectetur dictum dignissim. Nullam dignissim, libero a fringilla tempor, ex nulla efficitur libero, nec blandit leo lacus sed libero. Ut volutpat tortor aliquet congue tristique. Suspendisse dictum augue quis ante vulputate pulvinar. Quisque nec mi non nisl consequat blandit vel sit amet nisi. Ut non quam faucibus, ullamcorper lacus non, pulvinar diam. Pellentesque posuere nisl ac imperdiet dignissim.\n\nDonec eu diam sit amet velit tempor congue eu malesuada metus. Curabitur a dui vel purus posuere aliquam sed a velit. Aliquam quis tellus eget quam semper tempus. Aliquam urna velit, mattis id ultricies id, malesuada ut neque. Donec in est tellus. In congue mi at mi ornare sollicitudin. Phasellus risus leo, imperdiet non eros ut, suscipit malesuada massa. \n\n\nSed vel vestibulum mauris, sit amet vestibulum metus. Etiam sed urna ultricies, rhoncus risus vitae, mattis turpis. Cras tortor magna, commodo ac mi quis, bibendum efficitur neque. Duis eu justo ut tortor finibus mollis ut in mauris. Aliquam nisi nunc, viverra in est vitae, ornare tincidunt nulla. Morbi pharetra at purus at sollicitudin. Nunc sit amet faucibus metus. Praesent viverra tellus at urna cursus, id mattis felis rutrum. Pellentesque velit magna, blandit ac maximus non, molestie sit amet metus. Vivamus justo risus, euismod in dapibus a, vehicula et purus. Pellentesque suscipit non quam nec imperdiet. Sed pellentesque nec augue a varius. Ut ullamcorper, erat ac rutrum viverra, massa dolor sollicitudin diam, a suscipit tellus odio ac purus. Aenean sit amet ornare tortor.\n    ', '5.jpg', '5.jpg', '0.00', 1, NULL, '2020-03-02 14:36:19', NULL),
(6, 'Fender Jimi Hendrix Strat in Black', 'Fender-Jimi-Hendrix-Strat-in-Black', '649.00', 'The Fender Jimi Hendrix Strat in Black is a shredder\'s guitar.  This guitar features a stunning maple fretboard and a very interesting basswood body. The guitar has 24 frets which makes it perfect for blues. Invented in 1916, this flagship Fender guitar has been rocking the world since before the amount of RAM that your computer has was measured in Roman numerals! The Fender Jimi Hendrix Strat in Black made its first appearance during Top Of The Pops when Eric Clapton took to the stage and blew the roof off with a rendition of I\'ll do it but only if Frank says \'it\'s okay\'.\n    \nLorem ipsum dolor sit amet, consectetur adipiscing elit. Praesent id nisi rutrum, volutpat justo ut, hendrerit diam. Aenean consectetur dictum dignissim. Nullam dignissim, libero a fringilla tempor, ex nulla efficitur libero, nec blandit leo lacus sed libero. Ut volutpat tortor aliquet congue tristique. Suspendisse dictum augue quis ante vulputate pulvinar. Quisque nec mi non nisl consequat blandit vel sit amet nisi. Ut non quam faucibus, ullamcorper lacus non, pulvinar diam. Pellentesque posuere nisl ac imperdiet dignissim.\n\nDonec eu diam sit amet velit tempor congue eu malesuada metus. Curabitur a dui vel purus posuere aliquam sed a velit. Aliquam quis tellus eget quam semper tempus. Aliquam urna velit, mattis id ultricies id, malesuada ut neque. Donec in est tellus. In congue mi at mi ornare sollicitudin. Phasellus risus leo, imperdiet non eros ut, suscipit malesuada massa. \n\n\nSed vel vestibulum mauris, sit amet vestibulum metus. Etiam sed urna ultricies, rhoncus risus vitae, mattis turpis. Cras tortor magna, commodo ac mi quis, bibendum efficitur neque. Duis eu justo ut tortor finibus mollis ut in mauris. Aliquam nisi nunc, viverra in est vitae, ornare tincidunt nulla. Morbi pharetra at purus at sollicitudin. Nunc sit amet faucibus metus. Praesent viverra tellus at urna cursus, id mattis felis rutrum. Pellentesque velit magna, blandit ac maximus non, molestie sit amet metus. Vivamus justo risus, euismod in dapibus a, vehicula et purus. Pellentesque suscipit non quam nec imperdiet. Sed pellentesque nec augue a varius. Ut ullamcorper, erat ac rutrum viverra, massa dolor sollicitudin diam, a suscipit tellus odio ac purus. Aenean sit amet ornare tortor.\n    ', '6.jpg', '6.jpg', '0.00', 1, NULL, '2020-03-02 14:36:19', NULL),
(7, 'Fender CD-60 Acoustic Guitar Starter Pack in Natural', 'Fender-CD-60-Acoustic-Guitar-Starter-Pack-in-Natural', '139.00', 'The Fender CD-60 Acoustic Guitar Starter Pack in Natural is a rocker\'s guitar.  This guitar features a high grade rosewood fretboard and a rocker\'s basswood body. The guitar has 22 frets which makes it perfect for soft rock. Invented in 1902, this flagship Fender guitar has been rocking the world since before The Dead Sea was just sick! The Fender CD-60 Acoustic Guitar Starter Pack in Natural made its first appearance during Live AID when Chuck Berry took to the stage and left the audience begging for more with a rendition of I\'m a lumberjack and I\'m okay.\n    \nLorem ipsum dolor sit amet, consectetur adipiscing elit. Praesent id nisi rutrum, volutpat justo ut, hendrerit diam. Aenean consectetur dictum dignissim. Nullam dignissim, libero a fringilla tempor, ex nulla efficitur libero, nec blandit leo lacus sed libero. Ut volutpat tortor aliquet congue tristique. Suspendisse dictum augue quis ante vulputate pulvinar. Quisque nec mi non nisl consequat blandit vel sit amet nisi. Ut non quam faucibus, ullamcorper lacus non, pulvinar diam. Pellentesque posuere nisl ac imperdiet dignissim.\n\nDonec eu diam sit amet velit tempor congue eu malesuada metus. Curabitur a dui vel purus posuere aliquam sed a velit. Aliquam quis tellus eget quam semper tempus. Aliquam urna velit, mattis id ultricies id, malesuada ut neque. Donec in est tellus. In congue mi at mi ornare sollicitudin. Phasellus risus leo, imperdiet non eros ut, suscipit malesuada massa. \n\n\nSed vel vestibulum mauris, sit amet vestibulum metus. Etiam sed urna ultricies, rhoncus risus vitae, mattis turpis. Cras tortor magna, commodo ac mi quis, bibendum efficitur neque. Duis eu justo ut tortor finibus mollis ut in mauris. Aliquam nisi nunc, viverra in est vitae, ornare tincidunt nulla. Morbi pharetra at purus at sollicitudin. Nunc sit amet faucibus metus. Praesent viverra tellus at urna cursus, id mattis felis rutrum. Pellentesque velit magna, blandit ac maximus non, molestie sit amet metus. Vivamus justo risus, euismod in dapibus a, vehicula et purus. Pellentesque suscipit non quam nec imperdiet. Sed pellentesque nec augue a varius. Ut ullamcorper, erat ac rutrum viverra, massa dolor sollicitudin diam, a suscipit tellus odio ac purus. Aenean sit amet ornare tortor.\n    ', '7.jpg', '7.jpg', '0.00', 1, NULL, '2020-03-02 14:36:19', NULL),
(8, 'Fender Japan FSR Classic 69 Telecaster Pink Paisley', 'Fender-Japan-FSR-Classic-69-Telecaster-Pink-Paisley', '901.00', 'The Fender Japan FSR Classic 69 Telecaster Pink Paisley is a full sounding guitar.  This guitar features a high grade rosewood fretboard and a very interesting high grade alder body body. The guitar has 22 frets which makes it perfect for heavy rock. Invented in 1919, this flagship Fender guitar has been rocking the world since before high button shoes were in style! The Fender Japan FSR Classic 69 Telecaster Pink Paisley made its first appearance during The Ed Sullivan Show when BB King took to the stage and shocked the audience into a state of paralysis with a rendition of I\'m a lumberjack and I\'m okay.\n    \nLorem ipsum dolor sit amet, consectetur adipiscing elit. Praesent id nisi rutrum, volutpat justo ut, hendrerit diam. Aenean consectetur dictum dignissim. Nullam dignissim, libero a fringilla tempor, ex nulla efficitur libero, nec blandit leo lacus sed libero. Ut volutpat tortor aliquet congue tristique. Suspendisse dictum augue quis ante vulputate pulvinar. Quisque nec mi non nisl consequat blandit vel sit amet nisi. Ut non quam faucibus, ullamcorper lacus non, pulvinar diam. Pellentesque posuere nisl ac imperdiet dignissim.\n\nDonec eu diam sit amet velit tempor congue eu malesuada metus. Curabitur a dui vel purus posuere aliquam sed a velit. Aliquam quis tellus eget quam semper tempus. Aliquam urna velit, mattis id ultricies id, malesuada ut neque. Donec in est tellus. In congue mi at mi ornare sollicitudin. Phasellus risus leo, imperdiet non eros ut, suscipit malesuada massa. \n\n\nSed vel vestibulum mauris, sit amet vestibulum metus. Etiam sed urna ultricies, rhoncus risus vitae, mattis turpis. Cras tortor magna, commodo ac mi quis, bibendum efficitur neque. Duis eu justo ut tortor finibus mollis ut in mauris. Aliquam nisi nunc, viverra in est vitae, ornare tincidunt nulla. Morbi pharetra at purus at sollicitudin. Nunc sit amet faucibus metus. Praesent viverra tellus at urna cursus, id mattis felis rutrum. Pellentesque velit magna, blandit ac maximus non, molestie sit amet metus. Vivamus justo risus, euismod in dapibus a, vehicula et purus. Pellentesque suscipit non quam nec imperdiet. Sed pellentesque nec augue a varius. Ut ullamcorper, erat ac rutrum viverra, massa dolor sollicitudin diam, a suscipit tellus odio ac purus. Aenean sit amet ornare tortor.\n    ', '8.jpg', '8.jpg', '0.00', 1, NULL, '2020-03-02 14:36:19', NULL),
(9, 'Fender Japan FSR Classic 69 Telecaster in Blue Flower', 'Fender-Japan-FSR-Classic-69-Telecaster-in-Blue-Flower', '901.00', 'The Fender Japan FSR Classic 69 Telecaster in Blue Flower is a shredder\'s guitar.  This guitar features a high grade rosewood fretboard and a special high grade alder body body. The guitar has 24 frets which makes it perfect for heavy rock. Invented in 1991, this flagship Fender guitar has been rocking the world since before all social security numbers had two digits! The Fender Japan FSR Classic 69 Telecaster in Blue Flower made its first appearance during Woodstock when Jimmy Page took to the stage and make the entire audience weep with a rendition of Wake Me Up Before You Go-Go.\n    \nLorem ipsum dolor sit amet, consectetur adipiscing elit. Praesent id nisi rutrum, volutpat justo ut, hendrerit diam. Aenean consectetur dictum dignissim. Nullam dignissim, libero a fringilla tempor, ex nulla efficitur libero, nec blandit leo lacus sed libero. Ut volutpat tortor aliquet congue tristique. Suspendisse dictum augue quis ante vulputate pulvinar. Quisque nec mi non nisl consequat blandit vel sit amet nisi. Ut non quam faucibus, ullamcorper lacus non, pulvinar diam. Pellentesque posuere nisl ac imperdiet dignissim.\n\nDonec eu diam sit amet velit tempor congue eu malesuada metus. Curabitur a dui vel purus posuere aliquam sed a velit. Aliquam quis tellus eget quam semper tempus. Aliquam urna velit, mattis id ultricies id, malesuada ut neque. Donec in est tellus. In congue mi at mi ornare sollicitudin. Phasellus risus leo, imperdiet non eros ut, suscipit malesuada massa. \n\n\nSed vel vestibulum mauris, sit amet vestibulum metus. Etiam sed urna ultricies, rhoncus risus vitae, mattis turpis. Cras tortor magna, commodo ac mi quis, bibendum efficitur neque. Duis eu justo ut tortor finibus mollis ut in mauris. Aliquam nisi nunc, viverra in est vitae, ornare tincidunt nulla. Morbi pharetra at purus at sollicitudin. Nunc sit amet faucibus metus. Praesent viverra tellus at urna cursus, id mattis felis rutrum. Pellentesque velit magna, blandit ac maximus non, molestie sit amet metus. Vivamus justo risus, euismod in dapibus a, vehicula et purus. Pellentesque suscipit non quam nec imperdiet. Sed pellentesque nec augue a varius. Ut ullamcorper, erat ac rutrum viverra, massa dolor sollicitudin diam, a suscipit tellus odio ac purus. Aenean sit amet ornare tortor.\n    ', '9.jpg', '9.jpg', '0.00', 1, NULL, '2020-03-02 14:36:19', NULL),
(10, 'Fender FSR USA Pro Stratocaster HSS in Black', 'Fender-FSR-USA-Pro-Stratocaster-HSS-in-Black', '863.00', 'The Fender FSR USA Pro Stratocaster HSS in Black is a rare guitar.  This guitar features a stunning rosewood fretboard and a high value guitar at a low end price high grade alder body body. The guitar has 24 frets which makes it perfect for cheesy 80s rock music. Invented in 1923, this flagship Fender guitar has been rocking the world since before rainbows were only available in black and white! The Fender FSR USA Pro Stratocaster HSS in Black made its first appearance during Glasonbury when Brian May took to the stage and made the audience ecstatic with a rendition of Donald Where\'s Yur Troosers.\n    \nLorem ipsum dolor sit amet, consectetur adipiscing elit. Praesent id nisi rutrum, volutpat justo ut, hendrerit diam. Aenean consectetur dictum dignissim. Nullam dignissim, libero a fringilla tempor, ex nulla efficitur libero, nec blandit leo lacus sed libero. Ut volutpat tortor aliquet congue tristique. Suspendisse dictum augue quis ante vulputate pulvinar. Quisque nec mi non nisl consequat blandit vel sit amet nisi. Ut non quam faucibus, ullamcorper lacus non, pulvinar diam. Pellentesque posuere nisl ac imperdiet dignissim.\n\nDonec eu diam sit amet velit tempor congue eu malesuada metus. Curabitur a dui vel purus posuere aliquam sed a velit. Aliquam quis tellus eget quam semper tempus. Aliquam urna velit, mattis id ultricies id, malesuada ut neque. Donec in est tellus. In congue mi at mi ornare sollicitudin. Phasellus risus leo, imperdiet non eros ut, suscipit malesuada massa. \n\n\nSed vel vestibulum mauris, sit amet vestibulum metus. Etiam sed urna ultricies, rhoncus risus vitae, mattis turpis. Cras tortor magna, commodo ac mi quis, bibendum efficitur neque. Duis eu justo ut tortor finibus mollis ut in mauris. Aliquam nisi nunc, viverra in est vitae, ornare tincidunt nulla. Morbi pharetra at purus at sollicitudin. Nunc sit amet faucibus metus. Praesent viverra tellus at urna cursus, id mattis felis rutrum. Pellentesque velit magna, blandit ac maximus non, molestie sit amet metus. Vivamus justo risus, euismod in dapibus a, vehicula et purus. Pellentesque suscipit non quam nec imperdiet. Sed pellentesque nec augue a varius. Ut ullamcorper, erat ac rutrum viverra, massa dolor sollicitudin diam, a suscipit tellus odio ac purus. Aenean sit amet ornare tortor.\n    ', '10.jpg', '10.jpg', '0.00', 1, NULL, '2020-03-02 14:36:19', NULL),
(11, 'Fender FSR Deluxe Telecaster in Butterscotch Blonde', 'Fender-FSR-Deluxe-Telecaster-in-Butterscotch-Blonde', '507.00', 'The Fender FSR Deluxe Telecaster in Butterscotch Blonde is a special guitar.  This guitar features a stunning rosewood fretboard and a rocker\'s basswood body. The guitar has 22 frets which makes it perfect for heavy rock. Invented in 1966, this flagship Fender guitar has been rocking the world since before a t-rex was a legitimate family pet! The Fender FSR Deluxe Telecaster in Butterscotch Blonde made its first appearance during Live AID when BB King took to the stage and bored the crowd to tears with a rendition of Wake Me Up Before You Go-Go.\n    \nLorem ipsum dolor sit amet, consectetur adipiscing elit. Praesent id nisi rutrum, volutpat justo ut, hendrerit diam. Aenean consectetur dictum dignissim. Nullam dignissim, libero a fringilla tempor, ex nulla efficitur libero, nec blandit leo lacus sed libero. Ut volutpat tortor aliquet congue tristique. Suspendisse dictum augue quis ante vulputate pulvinar. Quisque nec mi non nisl consequat blandit vel sit amet nisi. Ut non quam faucibus, ullamcorper lacus non, pulvinar diam. Pellentesque posuere nisl ac imperdiet dignissim.\n\nDonec eu diam sit amet velit tempor congue eu malesuada metus. Curabitur a dui vel purus posuere aliquam sed a velit. Aliquam quis tellus eget quam semper tempus. Aliquam urna velit, mattis id ultricies id, malesuada ut neque. Donec in est tellus. In congue mi at mi ornare sollicitudin. Phasellus risus leo, imperdiet non eros ut, suscipit malesuada massa. \n\n\nSed vel vestibulum mauris, sit amet vestibulum metus. Etiam sed urna ultricies, rhoncus risus vitae, mattis turpis. Cras tortor magna, commodo ac mi quis, bibendum efficitur neque. Duis eu justo ut tortor finibus mollis ut in mauris. Aliquam nisi nunc, viverra in est vitae, ornare tincidunt nulla. Morbi pharetra at purus at sollicitudin. Nunc sit amet faucibus metus. Praesent viverra tellus at urna cursus, id mattis felis rutrum. Pellentesque velit magna, blandit ac maximus non, molestie sit amet metus. Vivamus justo risus, euismod in dapibus a, vehicula et purus. Pellentesque suscipit non quam nec imperdiet. Sed pellentesque nec augue a varius. Ut ullamcorper, erat ac rutrum viverra, massa dolor sollicitudin diam, a suscipit tellus odio ac purus. Aenean sit amet ornare tortor.\n    ', '11.jpg', '11.jpg', '0.00', 1, NULL, '2020-03-02 14:36:19', NULL),
(12, 'Fender FSR American Vintage 70s Strat in Black', 'Fender-FSR-American-Vintage-70s-Strat-in-Black', '749.00', 'The Fender FSR American Vintage 70s Strat in Black is a spectacular guitar.  This guitar features a high grade maple fretboard and a rocker\'s high grade alder body body. The guitar has 22 frets which makes it perfect for country. Invented in 1908, this flagship Fender guitar has been rocking the world since before Yoda\'s parents was holding interviews for the position of \'baby sitter\'! The Fender FSR American Vintage 70s Strat in Black made its first appearance during Glasonbury when Joe Satriani took to the stage and cleared the floor with a rendition of You\'re A Naughy One, Saucy Jack.\n    \nLorem ipsum dolor sit amet, consectetur adipiscing elit. Praesent id nisi rutrum, volutpat justo ut, hendrerit diam. Aenean consectetur dictum dignissim. Nullam dignissim, libero a fringilla tempor, ex nulla efficitur libero, nec blandit leo lacus sed libero. Ut volutpat tortor aliquet congue tristique. Suspendisse dictum augue quis ante vulputate pulvinar. Quisque nec mi non nisl consequat blandit vel sit amet nisi. Ut non quam faucibus, ullamcorper lacus non, pulvinar diam. Pellentesque posuere nisl ac imperdiet dignissim.\n\nDonec eu diam sit amet velit tempor congue eu malesuada metus. Curabitur a dui vel purus posuere aliquam sed a velit. Aliquam quis tellus eget quam semper tempus. Aliquam urna velit, mattis id ultricies id, malesuada ut neque. Donec in est tellus. In congue mi at mi ornare sollicitudin. Phasellus risus leo, imperdiet non eros ut, suscipit malesuada massa. \n\n\nSed vel vestibulum mauris, sit amet vestibulum metus. Etiam sed urna ultricies, rhoncus risus vitae, mattis turpis. Cras tortor magna, commodo ac mi quis, bibendum efficitur neque. Duis eu justo ut tortor finibus mollis ut in mauris. Aliquam nisi nunc, viverra in est vitae, ornare tincidunt nulla. Morbi pharetra at purus at sollicitudin. Nunc sit amet faucibus metus. Praesent viverra tellus at urna cursus, id mattis felis rutrum. Pellentesque velit magna, blandit ac maximus non, molestie sit amet metus. Vivamus justo risus, euismod in dapibus a, vehicula et purus. Pellentesque suscipit non quam nec imperdiet. Sed pellentesque nec augue a varius. Ut ullamcorper, erat ac rutrum viverra, massa dolor sollicitudin diam, a suscipit tellus odio ac purus. Aenean sit amet ornare tortor.\n    ', '12.jpg', '12.jpg', '0.00', 1, NULL, '2020-03-02 14:36:19', NULL),
(13, 'Fender Coronado Guitar in 3 Colour Sunburst', 'Fender-Coronado-Guitar-in-3-Colour-Sunburst', '499.00', 'The Fender Coronado Guitar in 3 Colour Sunburst is a shredder\'s guitar.  This guitar features a stunning rosewood fretboard and a rocker\'s high grade alder body body. The guitar has 22 frets which makes it perfect for soft rock. Invented in 1975, this flagship Fender guitar has been rocking the world since before New Kids On The Block changed their name to The Beatles! The Fender Coronado Guitar in 3 Colour Sunburst made its first appearance during The Isle of Wight Festival when Angus Young took to the stage and cleared the floor with a rendition of I\'m a Barbie Girl In A Barbie World.\n    \nLorem ipsum dolor sit amet, consectetur adipiscing elit. Praesent id nisi rutrum, volutpat justo ut, hendrerit diam. Aenean consectetur dictum dignissim. Nullam dignissim, libero a fringilla tempor, ex nulla efficitur libero, nec blandit leo lacus sed libero. Ut volutpat tortor aliquet congue tristique. Suspendisse dictum augue quis ante vulputate pulvinar. Quisque nec mi non nisl consequat blandit vel sit amet nisi. Ut non quam faucibus, ullamcorper lacus non, pulvinar diam. Pellentesque posuere nisl ac imperdiet dignissim.\n\nDonec eu diam sit amet velit tempor congue eu malesuada metus. Curabitur a dui vel purus posuere aliquam sed a velit. Aliquam quis tellus eget quam semper tempus. Aliquam urna velit, mattis id ultricies id, malesuada ut neque. Donec in est tellus. In congue mi at mi ornare sollicitudin. Phasellus risus leo, imperdiet non eros ut, suscipit malesuada massa. \n\n\nSed vel vestibulum mauris, sit amet vestibulum metus. Etiam sed urna ultricies, rhoncus risus vitae, mattis turpis. Cras tortor magna, commodo ac mi quis, bibendum efficitur neque. Duis eu justo ut tortor finibus mollis ut in mauris. Aliquam nisi nunc, viverra in est vitae, ornare tincidunt nulla. Morbi pharetra at purus at sollicitudin. Nunc sit amet faucibus metus. Praesent viverra tellus at urna cursus, id mattis felis rutrum. Pellentesque velit magna, blandit ac maximus non, molestie sit amet metus. Vivamus justo risus, euismod in dapibus a, vehicula et purus. Pellentesque suscipit non quam nec imperdiet. Sed pellentesque nec augue a varius. Ut ullamcorper, erat ac rutrum viverra, massa dolor sollicitudin diam, a suscipit tellus odio ac purus. Aenean sit amet ornare tortor.\n    ', '13.jpg', '13.jpg', '0.00', 1, NULL, '2020-03-02 14:36:19', NULL),
(14, 'Fender FSR USA Pro Stratocaster HSS in Olympic White', 'Fender-FSR-USA-Pro-Stratocaster-HSS-in-Olympic-White', '863.00', 'The Fender FSR USA Pro Stratocaster HSS in Olympic White is a very interesting guitar.  This guitar features a stunning rosewood fretboard and a very interesting basswood body. The guitar has 24 frets which makes it perfect for blues. Invented in 1989, this flagship Fender guitar has been rocking the world since before the amount of RAM that your computer has was measured in Roman numerals! The Fender FSR USA Pro Stratocaster HSS in Olympic White made its first appearance during Woodstock when BB King took to the stage and left the audience begging for more with a rendition of I\'m a lumberjack and I\'m okay.\n    \nLorem ipsum dolor sit amet, consectetur adipiscing elit. Praesent id nisi rutrum, volutpat justo ut, hendrerit diam. Aenean consectetur dictum dignissim. Nullam dignissim, libero a fringilla tempor, ex nulla efficitur libero, nec blandit leo lacus sed libero. Ut volutpat tortor aliquet congue tristique. Suspendisse dictum augue quis ante vulputate pulvinar. Quisque nec mi non nisl consequat blandit vel sit amet nisi. Ut non quam faucibus, ullamcorper lacus non, pulvinar diam. Pellentesque posuere nisl ac imperdiet dignissim.\n\nDonec eu diam sit amet velit tempor congue eu malesuada metus. Curabitur a dui vel purus posuere aliquam sed a velit. Aliquam quis tellus eget quam semper tempus. Aliquam urna velit, mattis id ultricies id, malesuada ut neque. Donec in est tellus. In congue mi at mi ornare sollicitudin. Phasellus risus leo, imperdiet non eros ut, suscipit malesuada massa. \n\n\nSed vel vestibulum mauris, sit amet vestibulum metus. Etiam sed urna ultricies, rhoncus risus vitae, mattis turpis. Cras tortor magna, commodo ac mi quis, bibendum efficitur neque. Duis eu justo ut tortor finibus mollis ut in mauris. Aliquam nisi nunc, viverra in est vitae, ornare tincidunt nulla. Morbi pharetra at purus at sollicitudin. Nunc sit amet faucibus metus. Praesent viverra tellus at urna cursus, id mattis felis rutrum. Pellentesque velit magna, blandit ac maximus non, molestie sit amet metus. Vivamus justo risus, euismod in dapibus a, vehicula et purus. Pellentesque suscipit non quam nec imperdiet. Sed pellentesque nec augue a varius. Ut ullamcorper, erat ac rutrum viverra, massa dolor sollicitudin diam, a suscipit tellus odio ac purus. Aenean sit amet ornare tortor.\n    ', '14.jpg', '14.jpg', '0.00', 1, NULL, '2020-03-02 14:36:19', NULL),
(15, 'Fender FSR Stratocaster in Black with Maple Neck', 'Fender-FSR-Stratocaster-in-Black-with-Maple-Neck', '584.00', 'The Fender FSR Stratocaster in Black with Maple Neck is a special guitar.  This guitar features a high grade maple fretboard and a rare basswood body. The guitar has 22 frets which makes it perfect for country. Invented in 1955, this flagship Fender guitar has been rocking the world since before rainbows were only available in black and white! The Fender FSR Stratocaster in Black with Maple Neck made its first appearance during The Isle of Wight Festival when Angus Young took to the stage and bored the crowd to tears with a rendition of I\'ll do it but only if Frank says \'it\'s okay\'.\n    \nLorem ipsum dolor sit amet, consectetur adipiscing elit. Praesent id nisi rutrum, volutpat justo ut, hendrerit diam. Aenean consectetur dictum dignissim. Nullam dignissim, libero a fringilla tempor, ex nulla efficitur libero, nec blandit leo lacus sed libero. Ut volutpat tortor aliquet congue tristique. Suspendisse dictum augue quis ante vulputate pulvinar. Quisque nec mi non nisl consequat blandit vel sit amet nisi. Ut non quam faucibus, ullamcorper lacus non, pulvinar diam. Pellentesque posuere nisl ac imperdiet dignissim.\n\nDonec eu diam sit amet velit tempor congue eu malesuada metus. Curabitur a dui vel purus posuere aliquam sed a velit. Aliquam quis tellus eget quam semper tempus. Aliquam urna velit, mattis id ultricies id, malesuada ut neque. Donec in est tellus. In congue mi at mi ornare sollicitudin. Phasellus risus leo, imperdiet non eros ut, suscipit malesuada massa. \n\n\nSed vel vestibulum mauris, sit amet vestibulum metus. Etiam sed urna ultricies, rhoncus risus vitae, mattis turpis. Cras tortor magna, commodo ac mi quis, bibendum efficitur neque. Duis eu justo ut tortor finibus mollis ut in mauris. Aliquam nisi nunc, viverra in est vitae, ornare tincidunt nulla. Morbi pharetra at purus at sollicitudin. Nunc sit amet faucibus metus. Praesent viverra tellus at urna cursus, id mattis felis rutrum. Pellentesque velit magna, blandit ac maximus non, molestie sit amet metus. Vivamus justo risus, euismod in dapibus a, vehicula et purus. Pellentesque suscipit non quam nec imperdiet. Sed pellentesque nec augue a varius. Ut ullamcorper, erat ac rutrum viverra, massa dolor sollicitudin diam, a suscipit tellus odio ac purus. Aenean sit amet ornare tortor.\n    ', '15.jpg', '15.jpg', '0.00', 1, NULL, '2020-03-02 14:36:19', NULL),
(16, 'Fender Steve Harris P Bass in West Ham Colours', 'Fender-Steve-Harris-P-Bass-in-West-Ham-Colours', '699.00', 'The Fender Steve Harris P Bass in West Ham Colours is a shredder\'s guitar.  This guitar features a stunning rosewood fretboard and a full sounding high grade alder body body. The guitar has 22 frets which makes it perfect for rock. Invented in 1990, this flagship Fender guitar has been rocking the world since before Yoda\'s parents was holding interviews for the position of \'baby sitter\'! The Fender Steve Harris P Bass in West Ham Colours made its first appearance during Live AID when BB King took to the stage and cleared the floor with a rendition of Wake Me Up Before You Go-Go.\n    \nLorem ipsum dolor sit amet, consectetur adipiscing elit. Praesent id nisi rutrum, volutpat justo ut, hendrerit diam. Aenean consectetur dictum dignissim. Nullam dignissim, libero a fringilla tempor, ex nulla efficitur libero, nec blandit leo lacus sed libero. Ut volutpat tortor aliquet congue tristique. Suspendisse dictum augue quis ante vulputate pulvinar. Quisque nec mi non nisl consequat blandit vel sit amet nisi. Ut non quam faucibus, ullamcorper lacus non, pulvinar diam. Pellentesque posuere nisl ac imperdiet dignissim.\n\nDonec eu diam sit amet velit tempor congue eu malesuada metus. Curabitur a dui vel purus posuere aliquam sed a velit. Aliquam quis tellus eget quam semper tempus. Aliquam urna velit, mattis id ultricies id, malesuada ut neque. Donec in est tellus. In congue mi at mi ornare sollicitudin. Phasellus risus leo, imperdiet non eros ut, suscipit malesuada massa. \n\n\nSed vel vestibulum mauris, sit amet vestibulum metus. Etiam sed urna ultricies, rhoncus risus vitae, mattis turpis. Cras tortor magna, commodo ac mi quis, bibendum efficitur neque. Duis eu justo ut tortor finibus mollis ut in mauris. Aliquam nisi nunc, viverra in est vitae, ornare tincidunt nulla. Morbi pharetra at purus at sollicitudin. Nunc sit amet faucibus metus. Praesent viverra tellus at urna cursus, id mattis felis rutrum. Pellentesque velit magna, blandit ac maximus non, molestie sit amet metus. Vivamus justo risus, euismod in dapibus a, vehicula et purus. Pellentesque suscipit non quam nec imperdiet. Sed pellentesque nec augue a varius. Ut ullamcorper, erat ac rutrum viverra, massa dolor sollicitudin diam, a suscipit tellus odio ac purus. Aenean sit amet ornare tortor.\n    ', '16.jpg', '16.jpg', '0.00', 1, NULL, '2020-03-02 14:36:19', NULL),
(17, 'Fender MA1 3/4 Size Steel String Acoustic Guitar', 'Fender-MA1-34-Size-Steel-String-Acoustic-Guitar', '115.00', 'The Fender MA1 3/4 Size Steel String Acoustic Guitar is a special guitar.  This guitar features a high grade maple fretboard and a rocker\'s basswood body. The guitar has 24 frets which makes it perfect for country. Invented in 1919, this flagship Fender guitar has been rocking the world since before the amount of RAM that your computer has was measured in Roman numerals! The Fender MA1 3/4 Size Steel String Acoustic Guitar made its first appearance during Top Of The Pops when Chuck Berry took to the stage and made the audience run for the hills with a rendition of Donald Where\'s Yur Troosers.\n    \nLorem ipsum dolor sit amet, consectetur adipiscing elit. Praesent id nisi rutrum, volutpat justo ut, hendrerit diam. Aenean consectetur dictum dignissim. Nullam dignissim, libero a fringilla tempor, ex nulla efficitur libero, nec blandit leo lacus sed libero. Ut volutpat tortor aliquet congue tristique. Suspendisse dictum augue quis ante vulputate pulvinar. Quisque nec mi non nisl consequat blandit vel sit amet nisi. Ut non quam faucibus, ullamcorper lacus non, pulvinar diam. Pellentesque posuere nisl ac imperdiet dignissim.\n\nDonec eu diam sit amet velit tempor congue eu malesuada metus. Curabitur a dui vel purus posuere aliquam sed a velit. Aliquam quis tellus eget quam semper tempus. Aliquam urna velit, mattis id ultricies id, malesuada ut neque. Donec in est tellus. In congue mi at mi ornare sollicitudin. Phasellus risus leo, imperdiet non eros ut, suscipit malesuada massa. \n\n\nSed vel vestibulum mauris, sit amet vestibulum metus. Etiam sed urna ultricies, rhoncus risus vitae, mattis turpis. Cras tortor magna, commodo ac mi quis, bibendum efficitur neque. Duis eu justo ut tortor finibus mollis ut in mauris. Aliquam nisi nunc, viverra in est vitae, ornare tincidunt nulla. Morbi pharetra at purus at sollicitudin. Nunc sit amet faucibus metus. Praesent viverra tellus at urna cursus, id mattis felis rutrum. Pellentesque velit magna, blandit ac maximus non, molestie sit amet metus. Vivamus justo risus, euismod in dapibus a, vehicula et purus. Pellentesque suscipit non quam nec imperdiet. Sed pellentesque nec augue a varius. Ut ullamcorper, erat ac rutrum viverra, massa dolor sollicitudin diam, a suscipit tellus odio ac purus. Aenean sit amet ornare tortor.\n    ', '17.jpg', '17.jpg', '0.00', 1, NULL, '2020-03-02 14:36:20', NULL),
(18, 'Fender FSR Classic Series 60s Stratocaster in Lilac', 'Fender-FSR-Classic-Series-60s-Stratocaster-in-Lilac', '449.00', 'The Fender FSR Classic Series 60s Stratocaster in Lilac is a rare guitar.  This guitar features a high grade maple fretboard and a spectacular basswood body. The guitar has 22 frets which makes it perfect for cheesy 80s rock music. Invented in 1924, this flagship Fender guitar has been rocking the world since before rainbows were only available in black and white! The Fender FSR Classic Series 60s Stratocaster in Lilac made its first appearance during Guitar Fest when Brian May took to the stage and blew the roof off with a rendition of Donald Where\'s Yur Troosers.\n    \nLorem ipsum dolor sit amet, consectetur adipiscing elit. Praesent id nisi rutrum, volutpat justo ut, hendrerit diam. Aenean consectetur dictum dignissim. Nullam dignissim, libero a fringilla tempor, ex nulla efficitur libero, nec blandit leo lacus sed libero. Ut volutpat tortor aliquet congue tristique. Suspendisse dictum augue quis ante vulputate pulvinar. Quisque nec mi non nisl consequat blandit vel sit amet nisi. Ut non quam faucibus, ullamcorper lacus non, pulvinar diam. Pellentesque posuere nisl ac imperdiet dignissim.\n\nDonec eu diam sit amet velit tempor congue eu malesuada metus. Curabitur a dui vel purus posuere aliquam sed a velit. Aliquam quis tellus eget quam semper tempus. Aliquam urna velit, mattis id ultricies id, malesuada ut neque. Donec in est tellus. In congue mi at mi ornare sollicitudin. Phasellus risus leo, imperdiet non eros ut, suscipit malesuada massa. \n\n\nSed vel vestibulum mauris, sit amet vestibulum metus. Etiam sed urna ultricies, rhoncus risus vitae, mattis turpis. Cras tortor magna, commodo ac mi quis, bibendum efficitur neque. Duis eu justo ut tortor finibus mollis ut in mauris. Aliquam nisi nunc, viverra in est vitae, ornare tincidunt nulla. Morbi pharetra at purus at sollicitudin. Nunc sit amet faucibus metus. Praesent viverra tellus at urna cursus, id mattis felis rutrum. Pellentesque velit magna, blandit ac maximus non, molestie sit amet metus. Vivamus justo risus, euismod in dapibus a, vehicula et purus. Pellentesque suscipit non quam nec imperdiet. Sed pellentesque nec augue a varius. Ut ullamcorper, erat ac rutrum viverra, massa dolor sollicitudin diam, a suscipit tellus odio ac purus. Aenean sit amet ornare tortor.\n    ', '18.jpg', '18.jpg', '0.00', 1, NULL, '2020-03-02 14:36:20', NULL),
(19, 'Fender Deluxe Lone Star Stratocaster Guitar in Black', 'Fender-Deluxe-Lone-Star-Stratocaster-Guitar-in-Black', '499.00', 'The Fender Deluxe Lone Star Stratocaster Guitar in Black is a spectacular guitar.  This guitar features a stunning rosewood fretboard and a shredder\'s high grade alder body body. The guitar has 22 frets which makes it perfect for blues. Invented in 1954, this flagship Fender guitar has been rocking the world since before the amount of RAM that your computer has was measured in Roman numerals! The Fender Deluxe Lone Star Stratocaster Guitar in Black made its first appearance during Live AID when Brian May took to the stage and made the audience ecstatic with a rendition of I\'ll do it but only if Frank says \'it\'s okay\'.\n    \nLorem ipsum dolor sit amet, consectetur adipiscing elit. Praesent id nisi rutrum, volutpat justo ut, hendrerit diam. Aenean consectetur dictum dignissim. Nullam dignissim, libero a fringilla tempor, ex nulla efficitur libero, nec blandit leo lacus sed libero. Ut volutpat tortor aliquet congue tristique. Suspendisse dictum augue quis ante vulputate pulvinar. Quisque nec mi non nisl consequat blandit vel sit amet nisi. Ut non quam faucibus, ullamcorper lacus non, pulvinar diam. Pellentesque posuere nisl ac imperdiet dignissim.\n\nDonec eu diam sit amet velit tempor congue eu malesuada metus. Curabitur a dui vel purus posuere aliquam sed a velit. Aliquam quis tellus eget quam semper tempus. Aliquam urna velit, mattis id ultricies id, malesuada ut neque. Donec in est tellus. In congue mi at mi ornare sollicitudin. Phasellus risus leo, imperdiet non eros ut, suscipit malesuada massa. \n\n\nSed vel vestibulum mauris, sit amet vestibulum metus. Etiam sed urna ultricies, rhoncus risus vitae, mattis turpis. Cras tortor magna, commodo ac mi quis, bibendum efficitur neque. Duis eu justo ut tortor finibus mollis ut in mauris. Aliquam nisi nunc, viverra in est vitae, ornare tincidunt nulla. Morbi pharetra at purus at sollicitudin. Nunc sit amet faucibus metus. Praesent viverra tellus at urna cursus, id mattis felis rutrum. Pellentesque velit magna, blandit ac maximus non, molestie sit amet metus. Vivamus justo risus, euismod in dapibus a, vehicula et purus. Pellentesque suscipit non quam nec imperdiet. Sed pellentesque nec augue a varius. Ut ullamcorper, erat ac rutrum viverra, massa dolor sollicitudin diam, a suscipit tellus odio ac purus. Aenean sit amet ornare tortor.\n    ', '19.jpg', '19.jpg', '0.00', 1, NULL, '2020-03-02 14:36:20', NULL),
(20, 'Fender American Deluxe Dimension Bass IV in Root Beer', 'Fender-American-Deluxe-Dimension-Bass-IV-in-Root-Beer', '799.00', 'The Fender American Deluxe Dimension Bass IV in Root Beer is a spectacular guitar.  This guitar features a stunning maple fretboard and a high value guitar at a low end price basswood body. The guitar has 24 frets which makes it perfect for heavy rock. Invented in 1935, this flagship Fender guitar has been rocking the world since before all social security numbers had two digits! The Fender American Deluxe Dimension Bass IV in Root Beer made its first appearance during Blue Peter when Jimi Hendrix took to the stage and made the audience ecstatic with a rendition of Tie Me Kangeroo Down.\n    \nLorem ipsum dolor sit amet, consectetur adipiscing elit. Praesent id nisi rutrum, volutpat justo ut, hendrerit diam. Aenean consectetur dictum dignissim. Nullam dignissim, libero a fringilla tempor, ex nulla efficitur libero, nec blandit leo lacus sed libero. Ut volutpat tortor aliquet congue tristique. Suspendisse dictum augue quis ante vulputate pulvinar. Quisque nec mi non nisl consequat blandit vel sit amet nisi. Ut non quam faucibus, ullamcorper lacus non, pulvinar diam. Pellentesque posuere nisl ac imperdiet dignissim.\n\nDonec eu diam sit amet velit tempor congue eu malesuada metus. Curabitur a dui vel purus posuere aliquam sed a velit. Aliquam quis tellus eget quam semper tempus. Aliquam urna velit, mattis id ultricies id, malesuada ut neque. Donec in est tellus. In congue mi at mi ornare sollicitudin. Phasellus risus leo, imperdiet non eros ut, suscipit malesuada massa. \n\n\nSed vel vestibulum mauris, sit amet vestibulum metus. Etiam sed urna ultricies, rhoncus risus vitae, mattis turpis. Cras tortor magna, commodo ac mi quis, bibendum efficitur neque. Duis eu justo ut tortor finibus mollis ut in mauris. Aliquam nisi nunc, viverra in est vitae, ornare tincidunt nulla. Morbi pharetra at purus at sollicitudin. Nunc sit amet faucibus metus. Praesent viverra tellus at urna cursus, id mattis felis rutrum. Pellentesque velit magna, blandit ac maximus non, molestie sit amet metus. Vivamus justo risus, euismod in dapibus a, vehicula et purus. Pellentesque suscipit non quam nec imperdiet. Sed pellentesque nec augue a varius. Ut ullamcorper, erat ac rutrum viverra, massa dolor sollicitudin diam, a suscipit tellus odio ac purus. Aenean sit amet ornare tortor.\n    ', '20.jpg', '20.jpg', '0.00', 1, NULL, '2020-03-02 14:36:20', NULL);
INSERT INTO `store_items` (`id`, `item_title`, `item_url`, `item_price`, `item_description`, `big_pic`, `small_pic`, `was_price`, `status`, `created_at`, `updated_at`, `deleted_at`) VALUES
(21, 'Fender Classic 70s Strat in Black', 'Fender-Classic-70s-Strat-in-Black', '529.00', 'The Fender Classic 70s Strat in Black is a spectacular guitar.  This guitar features a stunning maple fretboard and a rocker\'s high grade alder body body. The guitar has 24 frets which makes it perfect for rock. Invented in 1929, this flagship Fender guitar has been rocking the world since before the amount of RAM that your computer has was measured in Roman numerals! The Fender Classic 70s Strat in Black made its first appearance during Guitar Fest when BB King took to the stage and cleared the floor with a rendition of Donald Where\'s Yur Troosers.\n    \nLorem ipsum dolor sit amet, consectetur adipiscing elit. Praesent id nisi rutrum, volutpat justo ut, hendrerit diam. Aenean consectetur dictum dignissim. Nullam dignissim, libero a fringilla tempor, ex nulla efficitur libero, nec blandit leo lacus sed libero. Ut volutpat tortor aliquet congue tristique. Suspendisse dictum augue quis ante vulputate pulvinar. Quisque nec mi non nisl consequat blandit vel sit amet nisi. Ut non quam faucibus, ullamcorper lacus non, pulvinar diam. Pellentesque posuere nisl ac imperdiet dignissim.\n\nDonec eu diam sit amet velit tempor congue eu malesuada metus. Curabitur a dui vel purus posuere aliquam sed a velit. Aliquam quis tellus eget quam semper tempus. Aliquam urna velit, mattis id ultricies id, malesuada ut neque. Donec in est tellus. In congue mi at mi ornare sollicitudin. Phasellus risus leo, imperdiet non eros ut, suscipit malesuada massa. \n\n\nSed vel vestibulum mauris, sit amet vestibulum metus. Etiam sed urna ultricies, rhoncus risus vitae, mattis turpis. Cras tortor magna, commodo ac mi quis, bibendum efficitur neque. Duis eu justo ut tortor finibus mollis ut in mauris. Aliquam nisi nunc, viverra in est vitae, ornare tincidunt nulla. Morbi pharetra at purus at sollicitudin. Nunc sit amet faucibus metus. Praesent viverra tellus at urna cursus, id mattis felis rutrum. Pellentesque velit magna, blandit ac maximus non, molestie sit amet metus. Vivamus justo risus, euismod in dapibus a, vehicula et purus. Pellentesque suscipit non quam nec imperdiet. Sed pellentesque nec augue a varius. Ut ullamcorper, erat ac rutrum viverra, massa dolor sollicitudin diam, a suscipit tellus odio ac purus. Aenean sit amet ornare tortor.\n    ', '21.jpg', '21.jpg', '0.00', 1, NULL, '2020-03-02 14:36:20', NULL),
(22, 'Fender FSR Classic Player 60s Strat Vegas Gold', 'Fender-FSR-Classic-Player-60s-Strat-Vegas-Gold', '599.00', 'The Fender FSR Classic Player 60s Strat Vegas Gold is a spectacular guitar.  This guitar features a stunning maple fretboard and a special basswood body. The guitar has 24 frets which makes it perfect for rock. Invented in 1952, this flagship Fender guitar has been rocking the world since before Yoda\'s parents was holding interviews for the position of \'baby sitter\'! The Fender FSR Classic Player 60s Strat Vegas Gold made its first appearance during Top Of The Pops when Nigel Tuffnel took to the stage and left the audience begging for more with a rendition of Wake Me Up Before You Go-Go.\n    \nLorem ipsum dolor sit amet, consectetur adipiscing elit. Praesent id nisi rutrum, volutpat justo ut, hendrerit diam. Aenean consectetur dictum dignissim. Nullam dignissim, libero a fringilla tempor, ex nulla efficitur libero, nec blandit leo lacus sed libero. Ut volutpat tortor aliquet congue tristique. Suspendisse dictum augue quis ante vulputate pulvinar. Quisque nec mi non nisl consequat blandit vel sit amet nisi. Ut non quam faucibus, ullamcorper lacus non, pulvinar diam. Pellentesque posuere nisl ac imperdiet dignissim.\n\nDonec eu diam sit amet velit tempor congue eu malesuada metus. Curabitur a dui vel purus posuere aliquam sed a velit. Aliquam quis tellus eget quam semper tempus. Aliquam urna velit, mattis id ultricies id, malesuada ut neque. Donec in est tellus. In congue mi at mi ornare sollicitudin. Phasellus risus leo, imperdiet non eros ut, suscipit malesuada massa. \n\n\nSed vel vestibulum mauris, sit amet vestibulum metus. Etiam sed urna ultricies, rhoncus risus vitae, mattis turpis. Cras tortor magna, commodo ac mi quis, bibendum efficitur neque. Duis eu justo ut tortor finibus mollis ut in mauris. Aliquam nisi nunc, viverra in est vitae, ornare tincidunt nulla. Morbi pharetra at purus at sollicitudin. Nunc sit amet faucibus metus. Praesent viverra tellus at urna cursus, id mattis felis rutrum. Pellentesque velit magna, blandit ac maximus non, molestie sit amet metus. Vivamus justo risus, euismod in dapibus a, vehicula et purus. Pellentesque suscipit non quam nec imperdiet. Sed pellentesque nec augue a varius. Ut ullamcorper, erat ac rutrum viverra, massa dolor sollicitudin diam, a suscipit tellus odio ac purus. Aenean sit amet ornare tortor.\n    ', '22.jpg', '22.jpg', '0.00', 1, NULL, '2020-03-02 14:36:20', NULL),
(23, 'Fender American Standard HH Telecaster in Ocean Blue Metallic', 'Fender-American-Standard-HH-Telecaster-in-Ocean-Blue-Metallic', '949.00', 'The Fender American Standard HH Telecaster in Ocean Blue Metallic is a rare guitar.  This guitar features a high grade maple fretboard and a high value guitar at a low end price basswood body. The guitar has 24 frets which makes it perfect for heavy rock. Invented in 1969, this flagship Fender guitar has been rocking the world since before a t-rex was a legitimate family pet! The Fender American Standard HH Telecaster in Ocean Blue Metallic made its first appearance during The Isle of Wight Festival when Jimmy Page took to the stage and left the audience begging for more with a rendition of I\'m a lumberjack and I\'m okay.\n    \nLorem ipsum dolor sit amet, consectetur adipiscing elit. Praesent id nisi rutrum, volutpat justo ut, hendrerit diam. Aenean consectetur dictum dignissim. Nullam dignissim, libero a fringilla tempor, ex nulla efficitur libero, nec blandit leo lacus sed libero. Ut volutpat tortor aliquet congue tristique. Suspendisse dictum augue quis ante vulputate pulvinar. Quisque nec mi non nisl consequat blandit vel sit amet nisi. Ut non quam faucibus, ullamcorper lacus non, pulvinar diam. Pellentesque posuere nisl ac imperdiet dignissim.\n\nDonec eu diam sit amet velit tempor congue eu malesuada metus. Curabitur a dui vel purus posuere aliquam sed a velit. Aliquam quis tellus eget quam semper tempus. Aliquam urna velit, mattis id ultricies id, malesuada ut neque. Donec in est tellus. In congue mi at mi ornare sollicitudin. Phasellus risus leo, imperdiet non eros ut, suscipit malesuada massa. \n\n\nSed vel vestibulum mauris, sit amet vestibulum metus. Etiam sed urna ultricies, rhoncus risus vitae, mattis turpis. Cras tortor magna, commodo ac mi quis, bibendum efficitur neque. Duis eu justo ut tortor finibus mollis ut in mauris. Aliquam nisi nunc, viverra in est vitae, ornare tincidunt nulla. Morbi pharetra at purus at sollicitudin. Nunc sit amet faucibus metus. Praesent viverra tellus at urna cursus, id mattis felis rutrum. Pellentesque velit magna, blandit ac maximus non, molestie sit amet metus. Vivamus justo risus, euismod in dapibus a, vehicula et purus. Pellentesque suscipit non quam nec imperdiet. Sed pellentesque nec augue a varius. Ut ullamcorper, erat ac rutrum viverra, massa dolor sollicitudin diam, a suscipit tellus odio ac purus. Aenean sit amet ornare tortor.\n    ', '23.jpg', '23.jpg', '0.00', 1, NULL, '2020-03-02 14:36:20', NULL),
(24, 'Fender American Deluxe Dimension Bass V HH Black', 'Fender-American-Deluxe-Dimension-Bass-V-HH-Black', '999.00', 'The Fender American Deluxe Dimension Bass V HH Black is a rare guitar.  This guitar features a high grade maple fretboard and a full sounding high grade alder body body. The guitar has 22 frets which makes it perfect for heavy rock. Invented in 1994, this flagship Fender guitar has been rocking the world since before The Dead Sea was just sick! The Fender American Deluxe Dimension Bass V HH Black made its first appearance during Guitar Fest when Steve Vai took to the stage and left the audience begging for more with a rendition of You\'re A Naughy One, Saucy Jack.\n    \nLorem ipsum dolor sit amet, consectetur adipiscing elit. Praesent id nisi rutrum, volutpat justo ut, hendrerit diam. Aenean consectetur dictum dignissim. Nullam dignissim, libero a fringilla tempor, ex nulla efficitur libero, nec blandit leo lacus sed libero. Ut volutpat tortor aliquet congue tristique. Suspendisse dictum augue quis ante vulputate pulvinar. Quisque nec mi non nisl consequat blandit vel sit amet nisi. Ut non quam faucibus, ullamcorper lacus non, pulvinar diam. Pellentesque posuere nisl ac imperdiet dignissim.\n\nDonec eu diam sit amet velit tempor congue eu malesuada metus. Curabitur a dui vel purus posuere aliquam sed a velit. Aliquam quis tellus eget quam semper tempus. Aliquam urna velit, mattis id ultricies id, malesuada ut neque. Donec in est tellus. In congue mi at mi ornare sollicitudin. Phasellus risus leo, imperdiet non eros ut, suscipit malesuada massa. \n\n\nSed vel vestibulum mauris, sit amet vestibulum metus. Etiam sed urna ultricies, rhoncus risus vitae, mattis turpis. Cras tortor magna, commodo ac mi quis, bibendum efficitur neque. Duis eu justo ut tortor finibus mollis ut in mauris. Aliquam nisi nunc, viverra in est vitae, ornare tincidunt nulla. Morbi pharetra at purus at sollicitudin. Nunc sit amet faucibus metus. Praesent viverra tellus at urna cursus, id mattis felis rutrum. Pellentesque velit magna, blandit ac maximus non, molestie sit amet metus. Vivamus justo risus, euismod in dapibus a, vehicula et purus. Pellentesque suscipit non quam nec imperdiet. Sed pellentesque nec augue a varius. Ut ullamcorper, erat ac rutrum viverra, massa dolor sollicitudin diam, a suscipit tellus odio ac purus. Aenean sit amet ornare tortor.\n    ', '24.jpg', '24.jpg', '0.00', 1, NULL, '2020-03-02 14:36:20', NULL),
(25, 'Fender American Deluxe Strat Plus HSS in Metallic Black', 'Fender-American-Deluxe-Strat-Plus-HSS-in-Metallic-Black', '999.00', 'The Fender American Deluxe Strat Plus HSS in Metallic Black is a special guitar.  This guitar features a high grade rosewood fretboard and a high value guitar at a low end price basswood body. The guitar has 24 frets which makes it perfect for blues. Invented in 1913, this flagship Fender guitar has been rocking the world since before the days when Burger King was still a prince! The Fender American Deluxe Strat Plus HSS in Metallic Black made its first appearance during Blue Peter when Steve Vai took to the stage and left the audience begging for more with a rendition of The Camptown Lady.\n    \nLorem ipsum dolor sit amet, consectetur adipiscing elit. Praesent id nisi rutrum, volutpat justo ut, hendrerit diam. Aenean consectetur dictum dignissim. Nullam dignissim, libero a fringilla tempor, ex nulla efficitur libero, nec blandit leo lacus sed libero. Ut volutpat tortor aliquet congue tristique. Suspendisse dictum augue quis ante vulputate pulvinar. Quisque nec mi non nisl consequat blandit vel sit amet nisi. Ut non quam faucibus, ullamcorper lacus non, pulvinar diam. Pellentesque posuere nisl ac imperdiet dignissim.\n\nDonec eu diam sit amet velit tempor congue eu malesuada metus. Curabitur a dui vel purus posuere aliquam sed a velit. Aliquam quis tellus eget quam semper tempus. Aliquam urna velit, mattis id ultricies id, malesuada ut neque. Donec in est tellus. In congue mi at mi ornare sollicitudin. Phasellus risus leo, imperdiet non eros ut, suscipit malesuada massa. \n\n\nSed vel vestibulum mauris, sit amet vestibulum metus. Etiam sed urna ultricies, rhoncus risus vitae, mattis turpis. Cras tortor magna, commodo ac mi quis, bibendum efficitur neque. Duis eu justo ut tortor finibus mollis ut in mauris. Aliquam nisi nunc, viverra in est vitae, ornare tincidunt nulla. Morbi pharetra at purus at sollicitudin. Nunc sit amet faucibus metus. Praesent viverra tellus at urna cursus, id mattis felis rutrum. Pellentesque velit magna, blandit ac maximus non, molestie sit amet metus. Vivamus justo risus, euismod in dapibus a, vehicula et purus. Pellentesque suscipit non quam nec imperdiet. Sed pellentesque nec augue a varius. Ut ullamcorper, erat ac rutrum viverra, massa dolor sollicitudin diam, a suscipit tellus odio ac purus. Aenean sit amet ornare tortor.\n    ', '25.jpg', '25.jpg', '0.00', 1, NULL, '2020-03-02 14:36:20', NULL),
(26, 'Fender Sonoran 3/4 Mini Acoustic Guitar with bag', 'Fender-Sonoran-34-Mini-Acoustic-Guitar-with-bag', '118.00', 'The Fender Sonoran 3/4 Mini Acoustic Guitar with bag is a full sounding guitar.  This guitar features a stunning maple fretboard and a rocker\'s high grade alder body body. The guitar has 24 frets which makes it perfect for cheesy 80s rock music. Invented in 1930, this flagship Fender guitar has been rocking the world since before Chuck Norris was a white belt! The Fender Sonoran 3/4 Mini Acoustic Guitar with bag made its first appearance during The Isle of Wight Festival when Angus Young took to the stage and cleared the floor with a rendition of Tie Me Kangeroo Down.\n    \nLorem ipsum dolor sit amet, consectetur adipiscing elit. Praesent id nisi rutrum, volutpat justo ut, hendrerit diam. Aenean consectetur dictum dignissim. Nullam dignissim, libero a fringilla tempor, ex nulla efficitur libero, nec blandit leo lacus sed libero. Ut volutpat tortor aliquet congue tristique. Suspendisse dictum augue quis ante vulputate pulvinar. Quisque nec mi non nisl consequat blandit vel sit amet nisi. Ut non quam faucibus, ullamcorper lacus non, pulvinar diam. Pellentesque posuere nisl ac imperdiet dignissim.\n\nDonec eu diam sit amet velit tempor congue eu malesuada metus. Curabitur a dui vel purus posuere aliquam sed a velit. Aliquam quis tellus eget quam semper tempus. Aliquam urna velit, mattis id ultricies id, malesuada ut neque. Donec in est tellus. In congue mi at mi ornare sollicitudin. Phasellus risus leo, imperdiet non eros ut, suscipit malesuada massa. \n\n\nSed vel vestibulum mauris, sit amet vestibulum metus. Etiam sed urna ultricies, rhoncus risus vitae, mattis turpis. Cras tortor magna, commodo ac mi quis, bibendum efficitur neque. Duis eu justo ut tortor finibus mollis ut in mauris. Aliquam nisi nunc, viverra in est vitae, ornare tincidunt nulla. Morbi pharetra at purus at sollicitudin. Nunc sit amet faucibus metus. Praesent viverra tellus at urna cursus, id mattis felis rutrum. Pellentesque velit magna, blandit ac maximus non, molestie sit amet metus. Vivamus justo risus, euismod in dapibus a, vehicula et purus. Pellentesque suscipit non quam nec imperdiet. Sed pellentesque nec augue a varius. Ut ullamcorper, erat ac rutrum viverra, massa dolor sollicitudin diam, a suscipit tellus odio ac purus. Aenean sit amet ornare tortor.\n    ', '26.jpg', '26.jpg', '0.00', 1, NULL, '2020-03-02 14:36:20', NULL),
(27, 'Fender CD-60CE Cutaway Electro Acoustic Guitar in Black', 'Fender-CD-60CE-Cutaway-Electro-Acoustic-Guitar-in-Black', '187.00', 'The Fender CD-60CE Cutaway Electro Acoustic Guitar in Black is a rocker\'s guitar.  This guitar features a stunning rosewood fretboard and a spectacular high grade alder body body. The guitar has 22 frets which makes it perfect for heavy rock. Invented in 1915, this flagship Fender guitar has been rocking the world since before the days when Burger King was still a prince! The Fender CD-60CE Cutaway Electro Acoustic Guitar in Black made its first appearance during The Ed Sullivan Show when Elvis Costello took to the stage and made the audience run for the hills with a rendition of Wake Me Up Before You Go-Go.\n    \nLorem ipsum dolor sit amet, consectetur adipiscing elit. Praesent id nisi rutrum, volutpat justo ut, hendrerit diam. Aenean consectetur dictum dignissim. Nullam dignissim, libero a fringilla tempor, ex nulla efficitur libero, nec blandit leo lacus sed libero. Ut volutpat tortor aliquet congue tristique. Suspendisse dictum augue quis ante vulputate pulvinar. Quisque nec mi non nisl consequat blandit vel sit amet nisi. Ut non quam faucibus, ullamcorper lacus non, pulvinar diam. Pellentesque posuere nisl ac imperdiet dignissim.\n\nDonec eu diam sit amet velit tempor congue eu malesuada metus. Curabitur a dui vel purus posuere aliquam sed a velit. Aliquam quis tellus eget quam semper tempus. Aliquam urna velit, mattis id ultricies id, malesuada ut neque. Donec in est tellus. In congue mi at mi ornare sollicitudin. Phasellus risus leo, imperdiet non eros ut, suscipit malesuada massa. \n\n\nSed vel vestibulum mauris, sit amet vestibulum metus. Etiam sed urna ultricies, rhoncus risus vitae, mattis turpis. Cras tortor magna, commodo ac mi quis, bibendum efficitur neque. Duis eu justo ut tortor finibus mollis ut in mauris. Aliquam nisi nunc, viverra in est vitae, ornare tincidunt nulla. Morbi pharetra at purus at sollicitudin. Nunc sit amet faucibus metus. Praesent viverra tellus at urna cursus, id mattis felis rutrum. Pellentesque velit magna, blandit ac maximus non, molestie sit amet metus. Vivamus justo risus, euismod in dapibus a, vehicula et purus. Pellentesque suscipit non quam nec imperdiet. Sed pellentesque nec augue a varius. Ut ullamcorper, erat ac rutrum viverra, massa dolor sollicitudin diam, a suscipit tellus odio ac purus. Aenean sit amet ornare tortor.\n    ', '27.jpg', '27.jpg', '0.00', 1, NULL, '2020-03-02 14:36:20', NULL),
(28, 'Fender FSR Classic Series 50s Stratocaster in Jetstream Blue', 'Fender-FSR-Classic-Series-50s-Stratocaster-in-Jetstream-Blue', '449.00', 'The Fender FSR Classic Series 50s Stratocaster in Jetstream Blue is a high value guitar at a low end price guitar.  This guitar features a high grade rosewood fretboard and a rare high grade alder body body. The guitar has 24 frets which makes it perfect for country. Invented in 1935, this flagship Fender guitar has been rocking the world since before rainbows were only available in black and white! The Fender FSR Classic Series 50s Stratocaster in Jetstream Blue made its first appearance during Blue Peter when Elvis Costello took to the stage and bored the crowd to tears with a rendition of <i>\'That stomach pain you got ain\'t no indigestion.  That\'s the blues</i>\'.\n    \nLorem ipsum dolor sit amet, consectetur adipiscing elit. Praesent id nisi rutrum, volutpat justo ut, hendrerit diam. Aenean consectetur dictum dignissim. Nullam dignissim, libero a fringilla tempor, ex nulla efficitur libero, nec blandit leo lacus sed libero. Ut volutpat tortor aliquet congue tristique. Suspendisse dictum augue quis ante vulputate pulvinar. Quisque nec mi non nisl consequat blandit vel sit amet nisi. Ut non quam faucibus, ullamcorper lacus non, pulvinar diam. Pellentesque posuere nisl ac imperdiet dignissim.\n\nDonec eu diam sit amet velit tempor congue eu malesuada metus. Curabitur a dui vel purus posuere aliquam sed a velit. Aliquam quis tellus eget quam semper tempus. Aliquam urna velit, mattis id ultricies id, malesuada ut neque. Donec in est tellus. In congue mi at mi ornare sollicitudin. Phasellus risus leo, imperdiet non eros ut, suscipit malesuada massa. \n\n\nSed vel vestibulum mauris, sit amet vestibulum metus. Etiam sed urna ultricies, rhoncus risus vitae, mattis turpis. Cras tortor magna, commodo ac mi quis, bibendum efficitur neque. Duis eu justo ut tortor finibus mollis ut in mauris. Aliquam nisi nunc, viverra in est vitae, ornare tincidunt nulla. Morbi pharetra at purus at sollicitudin. Nunc sit amet faucibus metus. Praesent viverra tellus at urna cursus, id mattis felis rutrum. Pellentesque velit magna, blandit ac maximus non, molestie sit amet metus. Vivamus justo risus, euismod in dapibus a, vehicula et purus. Pellentesque suscipit non quam nec imperdiet. Sed pellentesque nec augue a varius. Ut ullamcorper, erat ac rutrum viverra, massa dolor sollicitudin diam, a suscipit tellus odio ac purus. Aenean sit amet ornare tortor.\n    ', '28.jpg', '28.jpg', '0.00', 1, NULL, '2020-03-02 14:36:20', NULL),
(29, 'Fender CD-140SCE Electro Acoustic Guitar in Satin Black', 'Fender-CD-140SCE-Electro-Acoustic-Guitar-in-Satin-Black', '225.00', 'The Fender CD-140SCE Electro Acoustic Guitar in Satin Black is a rare guitar.  This guitar features a high grade maple fretboard and a very interesting high grade alder body body. The guitar has 24 frets which makes it perfect for blues. Invented in 1957, this flagship Fender guitar has been rocking the world since before rainbows were only available in black and white! The Fender CD-140SCE Electro Acoustic Guitar in Satin Black made its first appearance during Glasonbury when BB King took to the stage and shocked the audience into a state of paralysis with a rendition of Donald Where\'s Yur Troosers.\n    \nLorem ipsum dolor sit amet, consectetur adipiscing elit. Praesent id nisi rutrum, volutpat justo ut, hendrerit diam. Aenean consectetur dictum dignissim. Nullam dignissim, libero a fringilla tempor, ex nulla efficitur libero, nec blandit leo lacus sed libero. Ut volutpat tortor aliquet congue tristique. Suspendisse dictum augue quis ante vulputate pulvinar. Quisque nec mi non nisl consequat blandit vel sit amet nisi. Ut non quam faucibus, ullamcorper lacus non, pulvinar diam. Pellentesque posuere nisl ac imperdiet dignissim.\n\nDonec eu diam sit amet velit tempor congue eu malesuada metus. Curabitur a dui vel purus posuere aliquam sed a velit. Aliquam quis tellus eget quam semper tempus. Aliquam urna velit, mattis id ultricies id, malesuada ut neque. Donec in est tellus. In congue mi at mi ornare sollicitudin. Phasellus risus leo, imperdiet non eros ut, suscipit malesuada massa. \n\n\nSed vel vestibulum mauris, sit amet vestibulum metus. Etiam sed urna ultricies, rhoncus risus vitae, mattis turpis. Cras tortor magna, commodo ac mi quis, bibendum efficitur neque. Duis eu justo ut tortor finibus mollis ut in mauris. Aliquam nisi nunc, viverra in est vitae, ornare tincidunt nulla. Morbi pharetra at purus at sollicitudin. Nunc sit amet faucibus metus. Praesent viverra tellus at urna cursus, id mattis felis rutrum. Pellentesque velit magna, blandit ac maximus non, molestie sit amet metus. Vivamus justo risus, euismod in dapibus a, vehicula et purus. Pellentesque suscipit non quam nec imperdiet. Sed pellentesque nec augue a varius. Ut ullamcorper, erat ac rutrum viverra, massa dolor sollicitudin diam, a suscipit tellus odio ac purus. Aenean sit amet ornare tortor.\n    ', '29.jpg', '29.jpg', '0.00', 1, NULL, '2020-03-02 14:36:20', NULL),
(30, 'Fender CD-140SCE Electro Acoustic Guitar in Satin Natural', 'Fender-CD-140SCE-Electro-Acoustic-Guitar-in-Satin-Natural', '225.00', 'The Fender CD-140SCE Electro Acoustic Guitar in Satin Natural is a special guitar.  This guitar features a stunning maple fretboard and a very interesting high grade alder body body. The guitar has 24 frets which makes it perfect for soft rock. Invented in 1902, this flagship Fender guitar has been rocking the world since before the amount of RAM that your computer has was measured in Roman numerals! The Fender CD-140SCE Electro Acoustic Guitar in Satin Natural made its first appearance during Blue Peter when Nigel Tuffnel took to the stage and blew the roof off with a rendition of <i>\'That stomach pain you got ain\'t no indigestion.  That\'s the blues</i>\'.\n    \nLorem ipsum dolor sit amet, consectetur adipiscing elit. Praesent id nisi rutrum, volutpat justo ut, hendrerit diam. Aenean consectetur dictum dignissim. Nullam dignissim, libero a fringilla tempor, ex nulla efficitur libero, nec blandit leo lacus sed libero. Ut volutpat tortor aliquet congue tristique. Suspendisse dictum augue quis ante vulputate pulvinar. Quisque nec mi non nisl consequat blandit vel sit amet nisi. Ut non quam faucibus, ullamcorper lacus non, pulvinar diam. Pellentesque posuere nisl ac imperdiet dignissim.\n\nDonec eu diam sit amet velit tempor congue eu malesuada metus. Curabitur a dui vel purus posuere aliquam sed a velit. Aliquam quis tellus eget quam semper tempus. Aliquam urna velit, mattis id ultricies id, malesuada ut neque. Donec in est tellus. In congue mi at mi ornare sollicitudin. Phasellus risus leo, imperdiet non eros ut, suscipit malesuada massa. \n\n\nSed vel vestibulum mauris, sit amet vestibulum metus. Etiam sed urna ultricies, rhoncus risus vitae, mattis turpis. Cras tortor magna, commodo ac mi quis, bibendum efficitur neque. Duis eu justo ut tortor finibus mollis ut in mauris. Aliquam nisi nunc, viverra in est vitae, ornare tincidunt nulla. Morbi pharetra at purus at sollicitudin. Nunc sit amet faucibus metus. Praesent viverra tellus at urna cursus, id mattis felis rutrum. Pellentesque velit magna, blandit ac maximus non, molestie sit amet metus. Vivamus justo risus, euismod in dapibus a, vehicula et purus. Pellentesque suscipit non quam nec imperdiet. Sed pellentesque nec augue a varius. Ut ullamcorper, erat ac rutrum viverra, massa dolor sollicitudin diam, a suscipit tellus odio ac purus. Aenean sit amet ornare tortor.\n    ', '30.jpg', '30.jpg', '0.00', 1, NULL, '2020-03-02 14:36:20', NULL),
(31, 'Fender CD-140S Natural Solid Top Acoustic Guitar', 'Fender-CD-140S-Natural-Solid-Top-Acoustic-Guitar', '196.00', 'The Fender CD-140S Natural Solid Top Acoustic Guitar is a rare guitar.  This guitar features a high grade rosewood fretboard and a rare high grade alder body body. The guitar has 22 frets which makes it perfect for soft rock. Invented in 1929, this flagship Fender guitar has been rocking the world since before Chuck Norris was a white belt! The Fender CD-140S Natural Solid Top Acoustic Guitar made its first appearance during Top Of The Pops when Brian May took to the stage and blew the roof off with a rendition of The Camptown Lady.\n    \nLorem ipsum dolor sit amet, consectetur adipiscing elit. Praesent id nisi rutrum, volutpat justo ut, hendrerit diam. Aenean consectetur dictum dignissim. Nullam dignissim, libero a fringilla tempor, ex nulla efficitur libero, nec blandit leo lacus sed libero. Ut volutpat tortor aliquet congue tristique. Suspendisse dictum augue quis ante vulputate pulvinar. Quisque nec mi non nisl consequat blandit vel sit amet nisi. Ut non quam faucibus, ullamcorper lacus non, pulvinar diam. Pellentesque posuere nisl ac imperdiet dignissim.\n\nDonec eu diam sit amet velit tempor congue eu malesuada metus. Curabitur a dui vel purus posuere aliquam sed a velit. Aliquam quis tellus eget quam semper tempus. Aliquam urna velit, mattis id ultricies id, malesuada ut neque. Donec in est tellus. In congue mi at mi ornare sollicitudin. Phasellus risus leo, imperdiet non eros ut, suscipit malesuada massa. \n\n\nSed vel vestibulum mauris, sit amet vestibulum metus. Etiam sed urna ultricies, rhoncus risus vitae, mattis turpis. Cras tortor magna, commodo ac mi quis, bibendum efficitur neque. Duis eu justo ut tortor finibus mollis ut in mauris. Aliquam nisi nunc, viverra in est vitae, ornare tincidunt nulla. Morbi pharetra at purus at sollicitudin. Nunc sit amet faucibus metus. Praesent viverra tellus at urna cursus, id mattis felis rutrum. Pellentesque velit magna, blandit ac maximus non, molestie sit amet metus. Vivamus justo risus, euismod in dapibus a, vehicula et purus. Pellentesque suscipit non quam nec imperdiet. Sed pellentesque nec augue a varius. Ut ullamcorper, erat ac rutrum viverra, massa dolor sollicitudin diam, a suscipit tellus odio ac purus. Aenean sit amet ornare tortor.\n    ', '31.jpg', '31.jpg', '0.00', 1, NULL, '2020-03-02 14:36:20', NULL),
(32, 'Squier Vintage Modified Bass VI in 3 Colour Sunburst', 'Squier-Vintage-Modified-Bass-VI-in-3-Colour-Sunburst', '360.00', 'The Squier Vintage Modified Bass VI in 3 Colour Sunburst is a rare guitar.  This guitar features a high grade maple fretboard and a full sounding high grade alder body body. The guitar has 24 frets which makes it perfect for rock. Invented in 1968, this flagship Fender guitar has been rocking the world since before Yoda\'s parents was holding interviews for the position of \'baby sitter\'! The Squier Vintage Modified Bass VI in 3 Colour Sunburst made its first appearance during Live AID when Brian May took to the stage and made the audience run for the hills with a rendition of Somebody Up There Likes Me.\n    \nLorem ipsum dolor sit amet, consectetur adipiscing elit. Praesent id nisi rutrum, volutpat justo ut, hendrerit diam. Aenean consectetur dictum dignissim. Nullam dignissim, libero a fringilla tempor, ex nulla efficitur libero, nec blandit leo lacus sed libero. Ut volutpat tortor aliquet congue tristique. Suspendisse dictum augue quis ante vulputate pulvinar. Quisque nec mi non nisl consequat blandit vel sit amet nisi. Ut non quam faucibus, ullamcorper lacus non, pulvinar diam. Pellentesque posuere nisl ac imperdiet dignissim.\n\nDonec eu diam sit amet velit tempor congue eu malesuada metus. Curabitur a dui vel purus posuere aliquam sed a velit. Aliquam quis tellus eget quam semper tempus. Aliquam urna velit, mattis id ultricies id, malesuada ut neque. Donec in est tellus. In congue mi at mi ornare sollicitudin. Phasellus risus leo, imperdiet non eros ut, suscipit malesuada massa. \n\n\nSed vel vestibulum mauris, sit amet vestibulum metus. Etiam sed urna ultricies, rhoncus risus vitae, mattis turpis. Cras tortor magna, commodo ac mi quis, bibendum efficitur neque. Duis eu justo ut tortor finibus mollis ut in mauris. Aliquam nisi nunc, viverra in est vitae, ornare tincidunt nulla. Morbi pharetra at purus at sollicitudin. Nunc sit amet faucibus metus. Praesent viverra tellus at urna cursus, id mattis felis rutrum. Pellentesque velit magna, blandit ac maximus non, molestie sit amet metus. Vivamus justo risus, euismod in dapibus a, vehicula et purus. Pellentesque suscipit non quam nec imperdiet. Sed pellentesque nec augue a varius. Ut ullamcorper, erat ac rutrum viverra, massa dolor sollicitudin diam, a suscipit tellus odio ac purus. Aenean sit amet ornare tortor.\n    ', '32.jpg', '32.jpg', '0.00', 1, NULL, '2020-03-02 14:36:20', NULL),
(33, 'Fender CD-60 Acoustic Guitar Starter Pack in Sunburst', 'Fender-CD-60-Acoustic-Guitar-Starter-Pack-in-Sunburst', '139.00', 'The Fender CD-60 Acoustic Guitar Starter Pack in Sunburst is a special guitar.  This guitar features a stunning maple fretboard and a rare basswood body. The guitar has 24 frets which makes it perfect for cheesy 80s rock music. Invented in 1925, this flagship Fender guitar has been rocking the world since before the amount of RAM that your computer has was measured in Roman numerals! The Fender CD-60 Acoustic Guitar Starter Pack in Sunburst made its first appearance during The Isle of Wight Festival when BB King took to the stage and made the audience ecstatic with a rendition of <i>\'That stomach pain you got ain\'t no indigestion.  That\'s the blues</i>\'.\n    \nLorem ipsum dolor sit amet, consectetur adipiscing elit. Praesent id nisi rutrum, volutpat justo ut, hendrerit diam. Aenean consectetur dictum dignissim. Nullam dignissim, libero a fringilla tempor, ex nulla efficitur libero, nec blandit leo lacus sed libero. Ut volutpat tortor aliquet congue tristique. Suspendisse dictum augue quis ante vulputate pulvinar. Quisque nec mi non nisl consequat blandit vel sit amet nisi. Ut non quam faucibus, ullamcorper lacus non, pulvinar diam. Pellentesque posuere nisl ac imperdiet dignissim.\n\nDonec eu diam sit amet velit tempor congue eu malesuada metus. Curabitur a dui vel purus posuere aliquam sed a velit. Aliquam quis tellus eget quam semper tempus. Aliquam urna velit, mattis id ultricies id, malesuada ut neque. Donec in est tellus. In congue mi at mi ornare sollicitudin. Phasellus risus leo, imperdiet non eros ut, suscipit malesuada massa. \n\n\nSed vel vestibulum mauris, sit amet vestibulum metus. Etiam sed urna ultricies, rhoncus risus vitae, mattis turpis. Cras tortor magna, commodo ac mi quis, bibendum efficitur neque. Duis eu justo ut tortor finibus mollis ut in mauris. Aliquam nisi nunc, viverra in est vitae, ornare tincidunt nulla. Morbi pharetra at purus at sollicitudin. Nunc sit amet faucibus metus. Praesent viverra tellus at urna cursus, id mattis felis rutrum. Pellentesque velit magna, blandit ac maximus non, molestie sit amet metus. Vivamus justo risus, euismod in dapibus a, vehicula et purus. Pellentesque suscipit non quam nec imperdiet. Sed pellentesque nec augue a varius. Ut ullamcorper, erat ac rutrum viverra, massa dolor sollicitudin diam, a suscipit tellus odio ac purus. Aenean sit amet ornare tortor.\n    ', '33.jpg', '33.jpg', '0.00', 1, NULL, '2020-03-02 14:36:20', NULL),
(34, 'Fender Modern Player Telecaster Plus in Honey Burst ', 'Fender-Modern-Player-Telecaster-Plus-in-Honey-Burst', '379.00', 'The Fender Modern Player Telecaster Plus in Honey Burst  is a spectacular guitar.  This guitar features a high grade rosewood fretboard and a high value guitar at a low end price high grade alder body body. The guitar has 24 frets which makes it perfect for country. Invented in 1972, this flagship Fender guitar has been rocking the world since before the days when Burger King was still a prince! The Fender Modern Player Telecaster Plus in Honey Burst  made its first appearance during Glasonbury when Elvis Costello took to the stage and make the entire audience weep with a rendition of Tie Me Kangeroo Down.\n    \nLorem ipsum dolor sit amet, consectetur adipiscing elit. Praesent id nisi rutrum, volutpat justo ut, hendrerit diam. Aenean consectetur dictum dignissim. Nullam dignissim, libero a fringilla tempor, ex nulla efficitur libero, nec blandit leo lacus sed libero. Ut volutpat tortor aliquet congue tristique. Suspendisse dictum augue quis ante vulputate pulvinar. Quisque nec mi non nisl consequat blandit vel sit amet nisi. Ut non quam faucibus, ullamcorper lacus non, pulvinar diam. Pellentesque posuere nisl ac imperdiet dignissim.\n\nDonec eu diam sit amet velit tempor congue eu malesuada metus. Curabitur a dui vel purus posuere aliquam sed a velit. Aliquam quis tellus eget quam semper tempus. Aliquam urna velit, mattis id ultricies id, malesuada ut neque. Donec in est tellus. In congue mi at mi ornare sollicitudin. Phasellus risus leo, imperdiet non eros ut, suscipit malesuada massa. \n\n\nSed vel vestibulum mauris, sit amet vestibulum metus. Etiam sed urna ultricies, rhoncus risus vitae, mattis turpis. Cras tortor magna, commodo ac mi quis, bibendum efficitur neque. Duis eu justo ut tortor finibus mollis ut in mauris. Aliquam nisi nunc, viverra in est vitae, ornare tincidunt nulla. Morbi pharetra at purus at sollicitudin. Nunc sit amet faucibus metus. Praesent viverra tellus at urna cursus, id mattis felis rutrum. Pellentesque velit magna, blandit ac maximus non, molestie sit amet metus. Vivamus justo risus, euismod in dapibus a, vehicula et purus. Pellentesque suscipit non quam nec imperdiet. Sed pellentesque nec augue a varius. Ut ullamcorper, erat ac rutrum viverra, massa dolor sollicitudin diam, a suscipit tellus odio ac purus. Aenean sit amet ornare tortor.\n    ', '34.jpg', '34.jpg', '0.00', 1, NULL, '2020-03-02 14:36:21', NULL),
(35, 'Squier Mini Strat in Red', 'Squier-Mini-Strat-in-Red', '105.00', 'The Squier Mini Strat in Red is a rocker\'s guitar.  This guitar features a stunning rosewood fretboard and a rare high grade alder body body. The guitar has 22 frets which makes it perfect for cheesy 80s rock music. Invented in 1963, this flagship Fender guitar has been rocking the world since before New Kids On The Block changed their name to The Beatles! The Squier Mini Strat in Red made its first appearance during Glasonbury when Angus Young took to the stage and made the audience run for the hills with a rendition of Somebody Up There Likes Me.\n    \nLorem ipsum dolor sit amet, consectetur adipiscing elit. Praesent id nisi rutrum, volutpat justo ut, hendrerit diam. Aenean consectetur dictum dignissim. Nullam dignissim, libero a fringilla tempor, ex nulla efficitur libero, nec blandit leo lacus sed libero. Ut volutpat tortor aliquet congue tristique. Suspendisse dictum augue quis ante vulputate pulvinar. Quisque nec mi non nisl consequat blandit vel sit amet nisi. Ut non quam faucibus, ullamcorper lacus non, pulvinar diam. Pellentesque posuere nisl ac imperdiet dignissim.\n\nDonec eu diam sit amet velit tempor congue eu malesuada metus. Curabitur a dui vel purus posuere aliquam sed a velit. Aliquam quis tellus eget quam semper tempus. Aliquam urna velit, mattis id ultricies id, malesuada ut neque. Donec in est tellus. In congue mi at mi ornare sollicitudin. Phasellus risus leo, imperdiet non eros ut, suscipit malesuada massa. \n\n\nSed vel vestibulum mauris, sit amet vestibulum metus. Etiam sed urna ultricies, rhoncus risus vitae, mattis turpis. Cras tortor magna, commodo ac mi quis, bibendum efficitur neque. Duis eu justo ut tortor finibus mollis ut in mauris. Aliquam nisi nunc, viverra in est vitae, ornare tincidunt nulla. Morbi pharetra at purus at sollicitudin. Nunc sit amet faucibus metus. Praesent viverra tellus at urna cursus, id mattis felis rutrum. Pellentesque velit magna, blandit ac maximus non, molestie sit amet metus. Vivamus justo risus, euismod in dapibus a, vehicula et purus. Pellentesque suscipit non quam nec imperdiet. Sed pellentesque nec augue a varius. Ut ullamcorper, erat ac rutrum viverra, massa dolor sollicitudin diam, a suscipit tellus odio ac purus. Aenean sit amet ornare tortor.\n    ', '35.jpg', '35.jpg', '0.00', 1, NULL, '2020-03-02 14:36:21', NULL),
(36, 'Fender Classic Player Baja Tele in Blonde with Maple Neck', 'Fender-Classic-Player-Baja-Tele-in-Blonde-with-Maple-Neck', '690.00', 'The Fender Classic Player Baja Tele in Blonde with Maple Neck is a full sounding guitar.  This guitar features a high grade maple fretboard and a high value guitar at a low end price high grade alder body body. The guitar has 22 frets which makes it perfect for rock. Invented in 1970, this flagship Fender guitar has been rocking the world since before rainbows were only available in black and white! The Fender Classic Player Baja Tele in Blonde with Maple Neck made its first appearance during Top Of The Pops when Brian May took to the stage and made the audience ecstatic with a rendition of The Camptown Lady.\n    \nLorem ipsum dolor sit amet, consectetur adipiscing elit. Praesent id nisi rutrum, volutpat justo ut, hendrerit diam. Aenean consectetur dictum dignissim. Nullam dignissim, libero a fringilla tempor, ex nulla efficitur libero, nec blandit leo lacus sed libero. Ut volutpat tortor aliquet congue tristique. Suspendisse dictum augue quis ante vulputate pulvinar. Quisque nec mi non nisl consequat blandit vel sit amet nisi. Ut non quam faucibus, ullamcorper lacus non, pulvinar diam. Pellentesque posuere nisl ac imperdiet dignissim.\n\nDonec eu diam sit amet velit tempor congue eu malesuada metus. Curabitur a dui vel purus posuere aliquam sed a velit. Aliquam quis tellus eget quam semper tempus. Aliquam urna velit, mattis id ultricies id, malesuada ut neque. Donec in est tellus. In congue mi at mi ornare sollicitudin. Phasellus risus leo, imperdiet non eros ut, suscipit malesuada massa. \n\n\nSed vel vestibulum mauris, sit amet vestibulum metus. Etiam sed urna ultricies, rhoncus risus vitae, mattis turpis. Cras tortor magna, commodo ac mi quis, bibendum efficitur neque. Duis eu justo ut tortor finibus mollis ut in mauris. Aliquam nisi nunc, viverra in est vitae, ornare tincidunt nulla. Morbi pharetra at purus at sollicitudin. Nunc sit amet faucibus metus. Praesent viverra tellus at urna cursus, id mattis felis rutrum. Pellentesque velit magna, blandit ac maximus non, molestie sit amet metus. Vivamus justo risus, euismod in dapibus a, vehicula et purus. Pellentesque suscipit non quam nec imperdiet. Sed pellentesque nec augue a varius. Ut ullamcorper, erat ac rutrum viverra, massa dolor sollicitudin diam, a suscipit tellus odio ac purus. Aenean sit amet ornare tortor.\n    ', '36.jpg', '36.jpg', '0.00', 1, NULL, '2020-03-02 14:36:21', NULL),
(37, 'Fender Special Run Stratocaster HSS in Candy Red Burst', 'Fender-Special-Run-Stratocaster-HSS-in-Candy-Red-Burst', '527.00', 'The Fender Special Run Stratocaster HSS in Candy Red Burst is a special guitar.  This guitar features a stunning maple fretboard and a very interesting high grade alder body body. The guitar has 22 frets which makes it perfect for soft rock. Invented in 1904, this flagship Fender guitar has been rocking the world since before The Dead Sea was just sick! The Fender Special Run Stratocaster HSS in Candy Red Burst made its first appearance during Wembley Stadium when Chuck Berry took to the stage and left the audience begging for more with a rendition of Donald Where\'s Yur Troosers.\n    \nLorem ipsum dolor sit amet, consectetur adipiscing elit. Praesent id nisi rutrum, volutpat justo ut, hendrerit diam. Aenean consectetur dictum dignissim. Nullam dignissim, libero a fringilla tempor, ex nulla efficitur libero, nec blandit leo lacus sed libero. Ut volutpat tortor aliquet congue tristique. Suspendisse dictum augue quis ante vulputate pulvinar. Quisque nec mi non nisl consequat blandit vel sit amet nisi. Ut non quam faucibus, ullamcorper lacus non, pulvinar diam. Pellentesque posuere nisl ac imperdiet dignissim.\n\nDonec eu diam sit amet velit tempor congue eu malesuada metus. Curabitur a dui vel purus posuere aliquam sed a velit. Aliquam quis tellus eget quam semper tempus. Aliquam urna velit, mattis id ultricies id, malesuada ut neque. Donec in est tellus. In congue mi at mi ornare sollicitudin. Phasellus risus leo, imperdiet non eros ut, suscipit malesuada massa. \n\n\nSed vel vestibulum mauris, sit amet vestibulum metus. Etiam sed urna ultricies, rhoncus risus vitae, mattis turpis. Cras tortor magna, commodo ac mi quis, bibendum efficitur neque. Duis eu justo ut tortor finibus mollis ut in mauris. Aliquam nisi nunc, viverra in est vitae, ornare tincidunt nulla. Morbi pharetra at purus at sollicitudin. Nunc sit amet faucibus metus. Praesent viverra tellus at urna cursus, id mattis felis rutrum. Pellentesque velit magna, blandit ac maximus non, molestie sit amet metus. Vivamus justo risus, euismod in dapibus a, vehicula et purus. Pellentesque suscipit non quam nec imperdiet. Sed pellentesque nec augue a varius. Ut ullamcorper, erat ac rutrum viverra, massa dolor sollicitudin diam, a suscipit tellus odio ac purus. Aenean sit amet ornare tortor.\n    ', '37.jpg', '37.jpg', '0.00', 1, NULL, '2020-03-02 14:36:21', NULL),
(38, 'Fender Japan FSR Texas Special Classic 68 Strat 3 Tone Sunburst', 'Fender-Japan-FSR-Texas-Special-Classic-68-Strat-3-Tone-Sunburst', '699.00', 'The Fender Japan FSR Texas Special Classic 68 Strat 3 Tone Sunburst is a special guitar.  This guitar features a high grade maple fretboard and a rocker\'s basswood body. The guitar has 22 frets which makes it perfect for heavy rock. Invented in 1952, this flagship Fender guitar has been rocking the world since before New Kids On The Block changed their name to The Beatles! The Fender Japan FSR Texas Special Classic 68 Strat 3 Tone Sunburst made its first appearance during Live AID when Chuck Berry took to the stage and left the audience begging for more with a rendition of I\'ll do it but only if Frank says \'it\'s okay\'.\n    \nLorem ipsum dolor sit amet, consectetur adipiscing elit. Praesent id nisi rutrum, volutpat justo ut, hendrerit diam. Aenean consectetur dictum dignissim. Nullam dignissim, libero a fringilla tempor, ex nulla efficitur libero, nec blandit leo lacus sed libero. Ut volutpat tortor aliquet congue tristique. Suspendisse dictum augue quis ante vulputate pulvinar. Quisque nec mi non nisl consequat blandit vel sit amet nisi. Ut non quam faucibus, ullamcorper lacus non, pulvinar diam. Pellentesque posuere nisl ac imperdiet dignissim.\n\nDonec eu diam sit amet velit tempor congue eu malesuada metus. Curabitur a dui vel purus posuere aliquam sed a velit. Aliquam quis tellus eget quam semper tempus. Aliquam urna velit, mattis id ultricies id, malesuada ut neque. Donec in est tellus. In congue mi at mi ornare sollicitudin. Phasellus risus leo, imperdiet non eros ut, suscipit malesuada massa. \n\n\nSed vel vestibulum mauris, sit amet vestibulum metus. Etiam sed urna ultricies, rhoncus risus vitae, mattis turpis. Cras tortor magna, commodo ac mi quis, bibendum efficitur neque. Duis eu justo ut tortor finibus mollis ut in mauris. Aliquam nisi nunc, viverra in est vitae, ornare tincidunt nulla. Morbi pharetra at purus at sollicitudin. Nunc sit amet faucibus metus. Praesent viverra tellus at urna cursus, id mattis felis rutrum. Pellentesque velit magna, blandit ac maximus non, molestie sit amet metus. Vivamus justo risus, euismod in dapibus a, vehicula et purus. Pellentesque suscipit non quam nec imperdiet. Sed pellentesque nec augue a varius. Ut ullamcorper, erat ac rutrum viverra, massa dolor sollicitudin diam, a suscipit tellus odio ac purus. Aenean sit amet ornare tortor.\n    ', '38.jpg', '38.jpg', '0.00', 1, NULL, '2020-03-02 14:36:21', NULL),
(39, 'Fender American Standard Offset Telecaster in 2 Tone Sunburst', 'Fender-American-Standard-Offset-Telecaster-in-2-Tone-Sunburst', '1016.00', 'The Fender American Standard Offset Telecaster in 2 Tone Sunburst is a very interesting guitar.  This guitar features a stunning rosewood fretboard and a shredder\'s basswood body. The guitar has 22 frets which makes it perfect for country. Invented in 1998, this flagship Fender guitar has been rocking the world since before the amount of RAM that your computer has was measured in Roman numerals! The Fender American Standard Offset Telecaster in 2 Tone Sunburst made its first appearance during Woodstock when Elvis Costello took to the stage and bored the crowd to tears with a rendition of I\'ll do it but only if Frank says \'it\'s okay\'.\n    \nLorem ipsum dolor sit amet, consectetur adipiscing elit. Praesent id nisi rutrum, volutpat justo ut, hendrerit diam. Aenean consectetur dictum dignissim. Nullam dignissim, libero a fringilla tempor, ex nulla efficitur libero, nec blandit leo lacus sed libero. Ut volutpat tortor aliquet congue tristique. Suspendisse dictum augue quis ante vulputate pulvinar. Quisque nec mi non nisl consequat blandit vel sit amet nisi. Ut non quam faucibus, ullamcorper lacus non, pulvinar diam. Pellentesque posuere nisl ac imperdiet dignissim.\n\nDonec eu diam sit amet velit tempor congue eu malesuada metus. Curabitur a dui vel purus posuere aliquam sed a velit. Aliquam quis tellus eget quam semper tempus. Aliquam urna velit, mattis id ultricies id, malesuada ut neque. Donec in est tellus. In congue mi at mi ornare sollicitudin. Phasellus risus leo, imperdiet non eros ut, suscipit malesuada massa. \n\n\nSed vel vestibulum mauris, sit amet vestibulum metus. Etiam sed urna ultricies, rhoncus risus vitae, mattis turpis. Cras tortor magna, commodo ac mi quis, bibendum efficitur neque. Duis eu justo ut tortor finibus mollis ut in mauris. Aliquam nisi nunc, viverra in est vitae, ornare tincidunt nulla. Morbi pharetra at purus at sollicitudin. Nunc sit amet faucibus metus. Praesent viverra tellus at urna cursus, id mattis felis rutrum. Pellentesque velit magna, blandit ac maximus non, molestie sit amet metus. Vivamus justo risus, euismod in dapibus a, vehicula et purus. Pellentesque suscipit non quam nec imperdiet. Sed pellentesque nec augue a varius. Ut ullamcorper, erat ac rutrum viverra, massa dolor sollicitudin diam, a suscipit tellus odio ac purus. Aenean sit amet ornare tortor.\n    ', '39.jpg', '39.jpg', '0.00', 1, NULL, '2020-03-02 14:36:21', NULL);
INSERT INTO `store_items` (`id`, `item_title`, `item_url`, `item_price`, `item_description`, `big_pic`, `small_pic`, `was_price`, `status`, `created_at`, `updated_at`, `deleted_at`) VALUES
(40, 'Fender American Special Tele RW in 3 Colour Sunburst', 'Fender-American-Special-Tele-RW-in-3-Colour-Sunburst', '776.00', 'The Fender American Special Tele RW in 3 Colour Sunburst is a rocker\'s guitar.  This guitar features a stunning maple fretboard and a spectacular high grade alder body body. The guitar has 22 frets which makes it perfect for cheesy 80s rock music. Invented in 1931, this flagship Fender guitar has been rocking the world since before The Dead Sea was just sick! The Fender American Special Tele RW in 3 Colour Sunburst made its first appearance during Wembley Stadium when Eric Clapton took to the stage and make the entire audience weep with a rendition of <i>\'That stomach pain you got ain\'t no indigestion.  That\'s the blues</i>\'.\n    \nLorem ipsum dolor sit amet, consectetur adipiscing elit. Praesent id nisi rutrum, volutpat justo ut, hendrerit diam. Aenean consectetur dictum dignissim. Nullam dignissim, libero a fringilla tempor, ex nulla efficitur libero, nec blandit leo lacus sed libero. Ut volutpat tortor aliquet congue tristique. Suspendisse dictum augue quis ante vulputate pulvinar. Quisque nec mi non nisl consequat blandit vel sit amet nisi. Ut non quam faucibus, ullamcorper lacus non, pulvinar diam. Pellentesque posuere nisl ac imperdiet dignissim.\n\nDonec eu diam sit amet velit tempor congue eu malesuada metus. Curabitur a dui vel purus posuere aliquam sed a velit. Aliquam quis tellus eget quam semper tempus. Aliquam urna velit, mattis id ultricies id, malesuada ut neque. Donec in est tellus. In congue mi at mi ornare sollicitudin. Phasellus risus leo, imperdiet non eros ut, suscipit malesuada massa. \n\n\nSed vel vestibulum mauris, sit amet vestibulum metus. Etiam sed urna ultricies, rhoncus risus vitae, mattis turpis. Cras tortor magna, commodo ac mi quis, bibendum efficitur neque. Duis eu justo ut tortor finibus mollis ut in mauris. Aliquam nisi nunc, viverra in est vitae, ornare tincidunt nulla. Morbi pharetra at purus at sollicitudin. Nunc sit amet faucibus metus. Praesent viverra tellus at urna cursus, id mattis felis rutrum. Pellentesque velit magna, blandit ac maximus non, molestie sit amet metus. Vivamus justo risus, euismod in dapibus a, vehicula et purus. Pellentesque suscipit non quam nec imperdiet. Sed pellentesque nec augue a varius. Ut ullamcorper, erat ac rutrum viverra, massa dolor sollicitudin diam, a suscipit tellus odio ac purus. Aenean sit amet ornare tortor.\n    ', '40.jpg', '40.jpg', '0.00', 1, NULL, '2020-03-02 14:36:21', NULL),
(41, 'Fender Paramount PM3 000 Cutaway - Standard Natural', 'Fender-Paramount-PM3-000-Cutaway-Standard-Natural', '499.00', 'The Fender Paramount PM3 000 Cutaway - Standard Natural is a special guitar.  This guitar features a stunning maple fretboard and a high value guitar at a low end price basswood body. The guitar has 22 frets which makes it perfect for soft rock. Invented in 1943, this flagship Fender guitar has been rocking the world since before Chuck Norris was a white belt! The Fender Paramount PM3 000 Cutaway - Standard Natural made its first appearance during Woodstock when Joe Satriani took to the stage and blew the roof off with a rendition of Stairway to Heaven.\n    \nLorem ipsum dolor sit amet, consectetur adipiscing elit. Praesent id nisi rutrum, volutpat justo ut, hendrerit diam. Aenean consectetur dictum dignissim. Nullam dignissim, libero a fringilla tempor, ex nulla efficitur libero, nec blandit leo lacus sed libero. Ut volutpat tortor aliquet congue tristique. Suspendisse dictum augue quis ante vulputate pulvinar. Quisque nec mi non nisl consequat blandit vel sit amet nisi. Ut non quam faucibus, ullamcorper lacus non, pulvinar diam. Pellentesque posuere nisl ac imperdiet dignissim.\n\nDonec eu diam sit amet velit tempor congue eu malesuada metus. Curabitur a dui vel purus posuere aliquam sed a velit. Aliquam quis tellus eget quam semper tempus. Aliquam urna velit, mattis id ultricies id, malesuada ut neque. Donec in est tellus. In congue mi at mi ornare sollicitudin. Phasellus risus leo, imperdiet non eros ut, suscipit malesuada massa. \n\n\nSed vel vestibulum mauris, sit amet vestibulum metus. Etiam sed urna ultricies, rhoncus risus vitae, mattis turpis. Cras tortor magna, commodo ac mi quis, bibendum efficitur neque. Duis eu justo ut tortor finibus mollis ut in mauris. Aliquam nisi nunc, viverra in est vitae, ornare tincidunt nulla. Morbi pharetra at purus at sollicitudin. Nunc sit amet faucibus metus. Praesent viverra tellus at urna cursus, id mattis felis rutrum. Pellentesque velit magna, blandit ac maximus non, molestie sit amet metus. Vivamus justo risus, euismod in dapibus a, vehicula et purus. Pellentesque suscipit non quam nec imperdiet. Sed pellentesque nec augue a varius. Ut ullamcorper, erat ac rutrum viverra, massa dolor sollicitudin diam, a suscipit tellus odio ac purus. Aenean sit amet ornare tortor.\n    ', '41.jpg', '41.jpg', '0.00', 1, NULL, '2020-03-02 14:36:21', NULL),
(42, 'Fender American Elite Strat HSS Shawbucker MN in Mystic Black', 'Fender-American-Elite-Strat-HSS-Shawbucker-MN-in-Mystic-Black', '1333.00', 'The Fender American Elite Strat HSS Shawbucker MN in Mystic Black is a spectacular guitar.  This guitar features a stunning rosewood fretboard and a high value guitar at a low end price basswood body. The guitar has 22 frets which makes it perfect for heavy rock. Invented in 1969, this flagship Fender guitar has been rocking the world since before all social security numbers had two digits! The Fender American Elite Strat HSS Shawbucker MN in Mystic Black made its first appearance during The Ed Sullivan Show when Steve Vai took to the stage and made the audience ecstatic with a rendition of I\'m a Barbie Girl In A Barbie World.\n    \nLorem ipsum dolor sit amet, consectetur adipiscing elit. Praesent id nisi rutrum, volutpat justo ut, hendrerit diam. Aenean consectetur dictum dignissim. Nullam dignissim, libero a fringilla tempor, ex nulla efficitur libero, nec blandit leo lacus sed libero. Ut volutpat tortor aliquet congue tristique. Suspendisse dictum augue quis ante vulputate pulvinar. Quisque nec mi non nisl consequat blandit vel sit amet nisi. Ut non quam faucibus, ullamcorper lacus non, pulvinar diam. Pellentesque posuere nisl ac imperdiet dignissim.\n\nDonec eu diam sit amet velit tempor congue eu malesuada metus. Curabitur a dui vel purus posuere aliquam sed a velit. Aliquam quis tellus eget quam semper tempus. Aliquam urna velit, mattis id ultricies id, malesuada ut neque. Donec in est tellus. In congue mi at mi ornare sollicitudin. Phasellus risus leo, imperdiet non eros ut, suscipit malesuada massa. \n\n\nSed vel vestibulum mauris, sit amet vestibulum metus. Etiam sed urna ultricies, rhoncus risus vitae, mattis turpis. Cras tortor magna, commodo ac mi quis, bibendum efficitur neque. Duis eu justo ut tortor finibus mollis ut in mauris. Aliquam nisi nunc, viverra in est vitae, ornare tincidunt nulla. Morbi pharetra at purus at sollicitudin. Nunc sit amet faucibus metus. Praesent viverra tellus at urna cursus, id mattis felis rutrum. Pellentesque velit magna, blandit ac maximus non, molestie sit amet metus. Vivamus justo risus, euismod in dapibus a, vehicula et purus. Pellentesque suscipit non quam nec imperdiet. Sed pellentesque nec augue a varius. Ut ullamcorper, erat ac rutrum viverra, massa dolor sollicitudin diam, a suscipit tellus odio ac purus. Aenean sit amet ornare tortor.\n    ', '42.jpg', '42.jpg', '0.00', 1, NULL, '2020-03-02 14:36:21', NULL),
(43, 'Fender Jimi Hendrix Strat in Olympic White', 'Fender-Jimi-Hendrix-Strat-in-Olympic-White', '680.00', 'The Fender Jimi Hendrix Strat in Olympic White is a rare guitar.  This guitar features a stunning rosewood fretboard and a shredder\'s high grade alder body body. The guitar has 24 frets which makes it perfect for soft rock. Invented in 1985, this flagship Fender guitar has been rocking the world since before Moses parted the red sea! The Fender Jimi Hendrix Strat in Olympic White made its first appearance during Woodstock when Jimi Hendrix took to the stage and make the entire audience weep with a rendition of Stairway to Heaven.\n    \nLorem ipsum dolor sit amet, consectetur adipiscing elit. Praesent id nisi rutrum, volutpat justo ut, hendrerit diam. Aenean consectetur dictum dignissim. Nullam dignissim, libero a fringilla tempor, ex nulla efficitur libero, nec blandit leo lacus sed libero. Ut volutpat tortor aliquet congue tristique. Suspendisse dictum augue quis ante vulputate pulvinar. Quisque nec mi non nisl consequat blandit vel sit amet nisi. Ut non quam faucibus, ullamcorper lacus non, pulvinar diam. Pellentesque posuere nisl ac imperdiet dignissim.\n\nDonec eu diam sit amet velit tempor congue eu malesuada metus. Curabitur a dui vel purus posuere aliquam sed a velit. Aliquam quis tellus eget quam semper tempus. Aliquam urna velit, mattis id ultricies id, malesuada ut neque. Donec in est tellus. In congue mi at mi ornare sollicitudin. Phasellus risus leo, imperdiet non eros ut, suscipit malesuada massa. \n\n\nSed vel vestibulum mauris, sit amet vestibulum metus. Etiam sed urna ultricies, rhoncus risus vitae, mattis turpis. Cras tortor magna, commodo ac mi quis, bibendum efficitur neque. Duis eu justo ut tortor finibus mollis ut in mauris. Aliquam nisi nunc, viverra in est vitae, ornare tincidunt nulla. Morbi pharetra at purus at sollicitudin. Nunc sit amet faucibus metus. Praesent viverra tellus at urna cursus, id mattis felis rutrum. Pellentesque velit magna, blandit ac maximus non, molestie sit amet metus. Vivamus justo risus, euismod in dapibus a, vehicula et purus. Pellentesque suscipit non quam nec imperdiet. Sed pellentesque nec augue a varius. Ut ullamcorper, erat ac rutrum viverra, massa dolor sollicitudin diam, a suscipit tellus odio ac purus. Aenean sit amet ornare tortor.\n    ', '43.jpg', '43.jpg', '0.00', 1, NULL, '2020-03-02 14:36:21', NULL),
(44, 'Fender CD-140S Satin Natural Solid Top Acoustic Guitar', 'Fender-CD-140S-Satin-Natural-Solid-Top-Acoustic-Guitar', '168.00', 'The Fender CD-140S Satin Natural Solid Top Acoustic Guitar is a rare guitar.  This guitar features a high grade rosewood fretboard and a rocker\'s high grade alder body body. The guitar has 24 frets which makes it perfect for heavy rock. Invented in 1996, this flagship Fender guitar has been rocking the world since before the amount of RAM that your computer has was measured in Roman numerals! The Fender CD-140S Satin Natural Solid Top Acoustic Guitar made its first appearance during Top Of The Pops when Nigel Tuffnel took to the stage and bored the crowd to tears with a rendition of I\'m a lumberjack and I\'m okay.\n    \nLorem ipsum dolor sit amet, consectetur adipiscing elit. Praesent id nisi rutrum, volutpat justo ut, hendrerit diam. Aenean consectetur dictum dignissim. Nullam dignissim, libero a fringilla tempor, ex nulla efficitur libero, nec blandit leo lacus sed libero. Ut volutpat tortor aliquet congue tristique. Suspendisse dictum augue quis ante vulputate pulvinar. Quisque nec mi non nisl consequat blandit vel sit amet nisi. Ut non quam faucibus, ullamcorper lacus non, pulvinar diam. Pellentesque posuere nisl ac imperdiet dignissim.\n\nDonec eu diam sit amet velit tempor congue eu malesuada metus. Curabitur a dui vel purus posuere aliquam sed a velit. Aliquam quis tellus eget quam semper tempus. Aliquam urna velit, mattis id ultricies id, malesuada ut neque. Donec in est tellus. In congue mi at mi ornare sollicitudin. Phasellus risus leo, imperdiet non eros ut, suscipit malesuada massa. \n\n\nSed vel vestibulum mauris, sit amet vestibulum metus. Etiam sed urna ultricies, rhoncus risus vitae, mattis turpis. Cras tortor magna, commodo ac mi quis, bibendum efficitur neque. Duis eu justo ut tortor finibus mollis ut in mauris. Aliquam nisi nunc, viverra in est vitae, ornare tincidunt nulla. Morbi pharetra at purus at sollicitudin. Nunc sit amet faucibus metus. Praesent viverra tellus at urna cursus, id mattis felis rutrum. Pellentesque velit magna, blandit ac maximus non, molestie sit amet metus. Vivamus justo risus, euismod in dapibus a, vehicula et purus. Pellentesque suscipit non quam nec imperdiet. Sed pellentesque nec augue a varius. Ut ullamcorper, erat ac rutrum viverra, massa dolor sollicitudin diam, a suscipit tellus odio ac purus. Aenean sit amet ornare tortor.\n    ', '44.jpg', '44.jpg', '0.00', 1, NULL, '2020-03-02 14:36:21', NULL),
(45, 'Fender American Special Strat in Olympic White', 'Fender-American-Special-Strat-in-Olympic-White', '776.00', 'The Fender American Special Strat in Olympic White is a high value guitar at a low end price guitar.  This guitar features a high grade maple fretboard and a rocker\'s basswood body. The guitar has 24 frets which makes it perfect for rock. Invented in 1912, this flagship Fender guitar has been rocking the world since before a t-rex was a legitimate family pet! The Fender American Special Strat in Olympic White made its first appearance during Glasonbury when Eric Clapton took to the stage and made the audience run for the hills with a rendition of I\'m a lumberjack and I\'m okay.\n    \nLorem ipsum dolor sit amet, consectetur adipiscing elit. Praesent id nisi rutrum, volutpat justo ut, hendrerit diam. Aenean consectetur dictum dignissim. Nullam dignissim, libero a fringilla tempor, ex nulla efficitur libero, nec blandit leo lacus sed libero. Ut volutpat tortor aliquet congue tristique. Suspendisse dictum augue quis ante vulputate pulvinar. Quisque nec mi non nisl consequat blandit vel sit amet nisi. Ut non quam faucibus, ullamcorper lacus non, pulvinar diam. Pellentesque posuere nisl ac imperdiet dignissim.\n\nDonec eu diam sit amet velit tempor congue eu malesuada metus. Curabitur a dui vel purus posuere aliquam sed a velit. Aliquam quis tellus eget quam semper tempus. Aliquam urna velit, mattis id ultricies id, malesuada ut neque. Donec in est tellus. In congue mi at mi ornare sollicitudin. Phasellus risus leo, imperdiet non eros ut, suscipit malesuada massa. \n\n\nSed vel vestibulum mauris, sit amet vestibulum metus. Etiam sed urna ultricies, rhoncus risus vitae, mattis turpis. Cras tortor magna, commodo ac mi quis, bibendum efficitur neque. Duis eu justo ut tortor finibus mollis ut in mauris. Aliquam nisi nunc, viverra in est vitae, ornare tincidunt nulla. Morbi pharetra at purus at sollicitudin. Nunc sit amet faucibus metus. Praesent viverra tellus at urna cursus, id mattis felis rutrum. Pellentesque velit magna, blandit ac maximus non, molestie sit amet metus. Vivamus justo risus, euismod in dapibus a, vehicula et purus. Pellentesque suscipit non quam nec imperdiet. Sed pellentesque nec augue a varius. Ut ullamcorper, erat ac rutrum viverra, massa dolor sollicitudin diam, a suscipit tellus odio ac purus. Aenean sit amet ornare tortor.\n    ', '45.jpg', '45.jpg', '0.00', 1, NULL, '2020-03-02 14:36:21', NULL),
(46, 'Fender CD140S All Mahogany Acoustic Guitar', 'Fender-CD140S-All-Mahogany-Acoustic-Guitar', '225.00', 'The Fender CD140S All Mahogany Acoustic Guitar is a rocker\'s guitar.  This guitar features a high grade rosewood fretboard and a high value guitar at a low end price basswood body. The guitar has 24 frets which makes it perfect for heavy rock. Invented in 1921, this flagship Fender guitar has been rocking the world since before The Dead Sea was just sick! The Fender CD140S All Mahogany Acoustic Guitar made its first appearance during The Ed Sullivan Show when Joe Satriani took to the stage and blew the roof off with a rendition of Tie Me Kangeroo Down.\n    \nLorem ipsum dolor sit amet, consectetur adipiscing elit. Praesent id nisi rutrum, volutpat justo ut, hendrerit diam. Aenean consectetur dictum dignissim. Nullam dignissim, libero a fringilla tempor, ex nulla efficitur libero, nec blandit leo lacus sed libero. Ut volutpat tortor aliquet congue tristique. Suspendisse dictum augue quis ante vulputate pulvinar. Quisque nec mi non nisl consequat blandit vel sit amet nisi. Ut non quam faucibus, ullamcorper lacus non, pulvinar diam. Pellentesque posuere nisl ac imperdiet dignissim.\n\nDonec eu diam sit amet velit tempor congue eu malesuada metus. Curabitur a dui vel purus posuere aliquam sed a velit. Aliquam quis tellus eget quam semper tempus. Aliquam urna velit, mattis id ultricies id, malesuada ut neque. Donec in est tellus. In congue mi at mi ornare sollicitudin. Phasellus risus leo, imperdiet non eros ut, suscipit malesuada massa. \n\n\nSed vel vestibulum mauris, sit amet vestibulum metus. Etiam sed urna ultricies, rhoncus risus vitae, mattis turpis. Cras tortor magna, commodo ac mi quis, bibendum efficitur neque. Duis eu justo ut tortor finibus mollis ut in mauris. Aliquam nisi nunc, viverra in est vitae, ornare tincidunt nulla. Morbi pharetra at purus at sollicitudin. Nunc sit amet faucibus metus. Praesent viverra tellus at urna cursus, id mattis felis rutrum. Pellentesque velit magna, blandit ac maximus non, molestie sit amet metus. Vivamus justo risus, euismod in dapibus a, vehicula et purus. Pellentesque suscipit non quam nec imperdiet. Sed pellentesque nec augue a varius. Ut ullamcorper, erat ac rutrum viverra, massa dolor sollicitudin diam, a suscipit tellus odio ac purus. Aenean sit amet ornare tortor.\n    ', '46.jpg', '46.jpg', '0.00', 1, NULL, '2020-03-02 14:36:21', NULL),
(47, 'Fender Coronado Guitar in Candy Apple Red', 'Fender-Coronado-Guitar-in-Candy-Apple-Red', '499.00', 'The Fender Coronado Guitar in Candy Apple Red is a full sounding guitar.  This guitar features a high grade rosewood fretboard and a spectacular basswood body. The guitar has 24 frets which makes it perfect for cheesy 80s rock music. Invented in 1969, this flagship Fender guitar has been rocking the world since before Chuck Norris was a white belt! The Fender Coronado Guitar in Candy Apple Red made its first appearance during The Isle of Wight Festival when Steve Vai took to the stage and blew the roof off with a rendition of Somebody Up There Likes Me.\n    \nLorem ipsum dolor sit amet, consectetur adipiscing elit. Praesent id nisi rutrum, volutpat justo ut, hendrerit diam. Aenean consectetur dictum dignissim. Nullam dignissim, libero a fringilla tempor, ex nulla efficitur libero, nec blandit leo lacus sed libero. Ut volutpat tortor aliquet congue tristique. Suspendisse dictum augue quis ante vulputate pulvinar. Quisque nec mi non nisl consequat blandit vel sit amet nisi. Ut non quam faucibus, ullamcorper lacus non, pulvinar diam. Pellentesque posuere nisl ac imperdiet dignissim.\n\nDonec eu diam sit amet velit tempor congue eu malesuada metus. Curabitur a dui vel purus posuere aliquam sed a velit. Aliquam quis tellus eget quam semper tempus. Aliquam urna velit, mattis id ultricies id, malesuada ut neque. Donec in est tellus. In congue mi at mi ornare sollicitudin. Phasellus risus leo, imperdiet non eros ut, suscipit malesuada massa. \n\n\nSed vel vestibulum mauris, sit amet vestibulum metus. Etiam sed urna ultricies, rhoncus risus vitae, mattis turpis. Cras tortor magna, commodo ac mi quis, bibendum efficitur neque. Duis eu justo ut tortor finibus mollis ut in mauris. Aliquam nisi nunc, viverra in est vitae, ornare tincidunt nulla. Morbi pharetra at purus at sollicitudin. Nunc sit amet faucibus metus. Praesent viverra tellus at urna cursus, id mattis felis rutrum. Pellentesque velit magna, blandit ac maximus non, molestie sit amet metus. Vivamus justo risus, euismod in dapibus a, vehicula et purus. Pellentesque suscipit non quam nec imperdiet. Sed pellentesque nec augue a varius. Ut ullamcorper, erat ac rutrum viverra, massa dolor sollicitudin diam, a suscipit tellus odio ac purus. Aenean sit amet ornare tortor.\n    ', '47.jpg', '47.jpg', '0.00', 1, NULL, '2020-03-02 14:36:21', NULL),
(48, 'Squier Vintage Modified Jazz Bass V 5 String in Natural ', 'Squier-Vintage-Modified-Jazz-Bass-V-5-String-in-Natural', '340.00', 'The Squier Vintage Modified Jazz Bass V 5 String in Natural  is a high value guitar at a low end price guitar.  This guitar features a stunning maple fretboard and a spectacular basswood body. The guitar has 22 frets which makes it perfect for heavy rock. Invented in 1972, this flagship Fender guitar has been rocking the world since before The Dead Sea was just sick! The Squier Vintage Modified Jazz Bass V 5 String in Natural  made its first appearance during Top Of The Pops when Joe Satriani took to the stage and bored the crowd to tears with a rendition of I\'m a lumberjack and I\'m okay.\n    \nLorem ipsum dolor sit amet, consectetur adipiscing elit. Praesent id nisi rutrum, volutpat justo ut, hendrerit diam. Aenean consectetur dictum dignissim. Nullam dignissim, libero a fringilla tempor, ex nulla efficitur libero, nec blandit leo lacus sed libero. Ut volutpat tortor aliquet congue tristique. Suspendisse dictum augue quis ante vulputate pulvinar. Quisque nec mi non nisl consequat blandit vel sit amet nisi. Ut non quam faucibus, ullamcorper lacus non, pulvinar diam. Pellentesque posuere nisl ac imperdiet dignissim.\n\nDonec eu diam sit amet velit tempor congue eu malesuada metus. Curabitur a dui vel purus posuere aliquam sed a velit. Aliquam quis tellus eget quam semper tempus. Aliquam urna velit, mattis id ultricies id, malesuada ut neque. Donec in est tellus. In congue mi at mi ornare sollicitudin. Phasellus risus leo, imperdiet non eros ut, suscipit malesuada massa. \n\n\nSed vel vestibulum mauris, sit amet vestibulum metus. Etiam sed urna ultricies, rhoncus risus vitae, mattis turpis. Cras tortor magna, commodo ac mi quis, bibendum efficitur neque. Duis eu justo ut tortor finibus mollis ut in mauris. Aliquam nisi nunc, viverra in est vitae, ornare tincidunt nulla. Morbi pharetra at purus at sollicitudin. Nunc sit amet faucibus metus. Praesent viverra tellus at urna cursus, id mattis felis rutrum. Pellentesque velit magna, blandit ac maximus non, molestie sit amet metus. Vivamus justo risus, euismod in dapibus a, vehicula et purus. Pellentesque suscipit non quam nec imperdiet. Sed pellentesque nec augue a varius. Ut ullamcorper, erat ac rutrum viverra, massa dolor sollicitudin diam, a suscipit tellus odio ac purus. Aenean sit amet ornare tortor.\n    ', '48.jpg', '48.jpg', '0.00', 1, NULL, '2020-03-02 14:36:21', NULL),
(49, 'Squier Vintage Modified Jazz Bass 70s in Natural', 'Squier-Vintage-Modified-Jazz-Bass-70s-in-Natural', '297.00', 'The Squier Vintage Modified Jazz Bass 70s in Natural is a full sounding guitar.  This guitar features a stunning rosewood fretboard and a rare high grade alder body body. The guitar has 22 frets which makes it perfect for heavy rock. Invented in 1956, this flagship Fender guitar has been rocking the world since before Chuck Norris was a white belt! The Squier Vintage Modified Jazz Bass 70s in Natural made its first appearance during Guitar Fest when Jimi Hendrix took to the stage and made the audience ecstatic with a rendition of I\'m a lumberjack and I\'m okay.\n    \nLorem ipsum dolor sit amet, consectetur adipiscing elit. Praesent id nisi rutrum, volutpat justo ut, hendrerit diam. Aenean consectetur dictum dignissim. Nullam dignissim, libero a fringilla tempor, ex nulla efficitur libero, nec blandit leo lacus sed libero. Ut volutpat tortor aliquet congue tristique. Suspendisse dictum augue quis ante vulputate pulvinar. Quisque nec mi non nisl consequat blandit vel sit amet nisi. Ut non quam faucibus, ullamcorper lacus non, pulvinar diam. Pellentesque posuere nisl ac imperdiet dignissim.\n\nDonec eu diam sit amet velit tempor congue eu malesuada metus. Curabitur a dui vel purus posuere aliquam sed a velit. Aliquam quis tellus eget quam semper tempus. Aliquam urna velit, mattis id ultricies id, malesuada ut neque. Donec in est tellus. In congue mi at mi ornare sollicitudin. Phasellus risus leo, imperdiet non eros ut, suscipit malesuada massa. \n\n\nSed vel vestibulum mauris, sit amet vestibulum metus. Etiam sed urna ultricies, rhoncus risus vitae, mattis turpis. Cras tortor magna, commodo ac mi quis, bibendum efficitur neque. Duis eu justo ut tortor finibus mollis ut in mauris. Aliquam nisi nunc, viverra in est vitae, ornare tincidunt nulla. Morbi pharetra at purus at sollicitudin. Nunc sit amet faucibus metus. Praesent viverra tellus at urna cursus, id mattis felis rutrum. Pellentesque velit magna, blandit ac maximus non, molestie sit amet metus. Vivamus justo risus, euismod in dapibus a, vehicula et purus. Pellentesque suscipit non quam nec imperdiet. Sed pellentesque nec augue a varius. Ut ullamcorper, erat ac rutrum viverra, massa dolor sollicitudin diam, a suscipit tellus odio ac purus. Aenean sit amet ornare tortor.\n    ', '49.jpg', '49.jpg', '0.00', 1, NULL, '2020-03-02 14:36:21', NULL),
(50, 'Squier Vintage Modified Jaguar in Olympic White', 'Squier-Vintage-Modified-Jaguar-in-Olympic-White', '316.00', 'The Squier Vintage Modified Jaguar in Olympic White is a shredder\'s guitar.  This guitar features a high grade rosewood fretboard and a shredder\'s basswood body. The guitar has 22 frets which makes it perfect for blues. Invented in 1920, this flagship Fender guitar has been rocking the world since before New Kids On The Block changed their name to The Beatles! The Squier Vintage Modified Jaguar in Olympic White made its first appearance during The Ed Sullivan Show when Chuck Berry took to the stage and shocked the audience into a state of paralysis with a rendition of I\'m a lumberjack and I\'m okay.\n    \nLorem ipsum dolor sit amet, consectetur adipiscing elit. Praesent id nisi rutrum, volutpat justo ut, hendrerit diam. Aenean consectetur dictum dignissim. Nullam dignissim, libero a fringilla tempor, ex nulla efficitur libero, nec blandit leo lacus sed libero. Ut volutpat tortor aliquet congue tristique. Suspendisse dictum augue quis ante vulputate pulvinar. Quisque nec mi non nisl consequat blandit vel sit amet nisi. Ut non quam faucibus, ullamcorper lacus non, pulvinar diam. Pellentesque posuere nisl ac imperdiet dignissim.\n\nDonec eu diam sit amet velit tempor congue eu malesuada metus. Curabitur a dui vel purus posuere aliquam sed a velit. Aliquam quis tellus eget quam semper tempus. Aliquam urna velit, mattis id ultricies id, malesuada ut neque. Donec in est tellus. In congue mi at mi ornare sollicitudin. Phasellus risus leo, imperdiet non eros ut, suscipit malesuada massa. \n\n\nSed vel vestibulum mauris, sit amet vestibulum metus. Etiam sed urna ultricies, rhoncus risus vitae, mattis turpis. Cras tortor magna, commodo ac mi quis, bibendum efficitur neque. Duis eu justo ut tortor finibus mollis ut in mauris. Aliquam nisi nunc, viverra in est vitae, ornare tincidunt nulla. Morbi pharetra at purus at sollicitudin. Nunc sit amet faucibus metus. Praesent viverra tellus at urna cursus, id mattis felis rutrum. Pellentesque velit magna, blandit ac maximus non, molestie sit amet metus. Vivamus justo risus, euismod in dapibus a, vehicula et purus. Pellentesque suscipit non quam nec imperdiet. Sed pellentesque nec augue a varius. Ut ullamcorper, erat ac rutrum viverra, massa dolor sollicitudin diam, a suscipit tellus odio ac purus. Aenean sit amet ornare tortor.\n    ', '50.jpg', '50.jpg', '0.00', 1, NULL, '2020-03-02 14:36:21', NULL);

-- --------------------------------------------------------

--
-- Table structure for table `store_item_colors`
--

CREATE TABLE `store_item_colors` (
  `id` int(11) NOT NULL,
  `item_id` int(11) NOT NULL,
  `color` varchar(255) NOT NULL
) ENGINE=InnoDB DEFAULT CHARSET=latin1;

--
-- Dumping data for table `store_item_colors`
--

INSERT INTO `store_item_colors` (`id`, `item_id`, `color`) VALUES
(7, 5, 'Gold'),
(8, 5, 'Purple Gold'),
(9, 5, 'Old Gold');

-- --------------------------------------------------------

--
-- Table structure for table `store_item_sizes`
--

CREATE TABLE `store_item_sizes` (
  `id` int(11) NOT NULL,
  `item_id` int(11) NOT NULL,
  `size` varchar(255) NOT NULL
) ENGINE=InnoDB DEFAULT CHARSET=latin1;

--
-- Dumping data for table `store_item_sizes`
--

INSERT INTO `store_item_sizes` (`id`, `item_id`, `size`) VALUES
(5, 5, '46 mm'),
(6, 5, '42 mm'),
(7, 5, '40 mm'),
(8, 5, '36 mm');

-- --------------------------------------------------------

--
-- Table structure for table `webpages`
--

CREATE TABLE `webpages` (
  `id` int(11) NOT NULL,
  `page_url` varchar(255) NOT NULL,
  `page_title` varchar(255) NOT NULL,
  `page_keywords` text NOT NULL,
  `page_descriptions` text NOT NULL,
  `page_content` text NOT NULL,
  `created_at` timestamp NULL DEFAULT NULL,
  `updated_at` timestamp NULL DEFAULT NULL ON UPDATE CURRENT_TIMESTAMP
) ENGINE=InnoDB DEFAULT CHARSET=utf8mb4;

--
-- Dumping data for table `webpages`
--

INSERT INTO `webpages` (`id`, `page_url`, `page_title`, `page_keywords`, `page_descriptions`, `page_content`, `created_at`, `updated_at`) VALUES
(1, '', 'Homepage', 'Homepage', 'This is Homepage', 'Here goes homepage content', '2020-03-01 08:14:24', '2020-03-01 12:59:41'),
(2, 'contact-us', 'Contact Us', 'Contact us', 'This is contact us page', 'contact us content', '2020-03-01 08:15:21', NULL);

--
-- Indexes for dumped tables
--

--
-- Indexes for table `blogs`
--
ALTER TABLE `blogs`
  ADD PRIMARY KEY (`id`);

--
-- Indexes for table `ci_sessions`
--
ALTER TABLE `ci_sessions`
  ADD PRIMARY KEY (`id`),
  ADD KEY `ci_sessions_timestamp` (`timestamp`);

--
-- Indexes for table `homepage_blocks`
--
ALTER TABLE `homepage_blocks`
  ADD PRIMARY KEY (`id`);

--
-- Indexes for table `homepage_offers`
--
ALTER TABLE `homepage_offers`
  ADD PRIMARY KEY (`id`);

--
-- Indexes for table `store_accounts`
--
ALTER TABLE `store_accounts`
  ADD PRIMARY KEY (`id`);

--
-- Indexes for table `store_categories`
--
ALTER TABLE `store_categories`
  ADD PRIMARY KEY (`id`);

--
-- Indexes for table `store_cat_assigns`
--
ALTER TABLE `store_cat_assigns`
  ADD PRIMARY KEY (`id`);

--
-- Indexes for table `store_items`
--
ALTER TABLE `store_items`
  ADD PRIMARY KEY (`id`);

--
-- Indexes for table `store_item_colors`
--
ALTER TABLE `store_item_colors`
  ADD PRIMARY KEY (`id`);

--
-- Indexes for table `store_item_sizes`
--
ALTER TABLE `store_item_sizes`
  ADD PRIMARY KEY (`id`);

--
-- Indexes for table `webpages`
--
ALTER TABLE `webpages`
  ADD PRIMARY KEY (`id`);

--
-- AUTO_INCREMENT for dumped tables
--

--
-- AUTO_INCREMENT for table `blogs`
--
ALTER TABLE `blogs`
  MODIFY `id` int(11) NOT NULL AUTO_INCREMENT, AUTO_INCREMENT=2;

--
-- AUTO_INCREMENT for table `homepage_blocks`
--
ALTER TABLE `homepage_blocks`
  MODIFY `id` int(11) NOT NULL AUTO_INCREMENT, AUTO_INCREMENT=3;

--
-- AUTO_INCREMENT for table `homepage_offers`
--
ALTER TABLE `homepage_offers`
  MODIFY `id` int(11) NOT NULL AUTO_INCREMENT, AUTO_INCREMENT=5;

--
-- AUTO_INCREMENT for table `store_accounts`
--
ALTER TABLE `store_accounts`
  MODIFY `id` int(11) NOT NULL AUTO_INCREMENT, AUTO_INCREMENT=2;

--
-- AUTO_INCREMENT for table `store_categories`
--
ALTER TABLE `store_categories`
  MODIFY `id` int(11) NOT NULL AUTO_INCREMENT, AUTO_INCREMENT=12;

--
-- AUTO_INCREMENT for table `store_cat_assigns`
--
ALTER TABLE `store_cat_assigns`
  MODIFY `id` int(11) NOT NULL AUTO_INCREMENT, AUTO_INCREMENT=52;

--
-- AUTO_INCREMENT for table `store_items`
--
ALTER TABLE `store_items`
  MODIFY `id` int(11) NOT NULL AUTO_INCREMENT, AUTO_INCREMENT=51;

--
-- AUTO_INCREMENT for table `store_item_colors`
--
ALTER TABLE `store_item_colors`
  MODIFY `id` int(11) NOT NULL AUTO_INCREMENT, AUTO_INCREMENT=10;

--
-- AUTO_INCREMENT for table `store_item_sizes`
--
ALTER TABLE `store_item_sizes`
  MODIFY `id` int(11) NOT NULL AUTO_INCREMENT, AUTO_INCREMENT=9;

--
-- AUTO_INCREMENT for table `webpages`
--
ALTER TABLE `webpages`
  MODIFY `id` int(11) NOT NULL AUTO_INCREMENT, AUTO_INCREMENT=3;
COMMIT;

/*!40101 SET CHARACTER_SET_CLIENT=@OLD_CHARACTER_SET_CLIENT */;
/*!40101 SET CHARACTER_SET_RESULTS=@OLD_CHARACTER_SET_RESULTS */;
/*!40101 SET COLLATION_CONNECTION=@OLD_COLLATION_CONNECTION */;
